{
    "A_0.7_8_4e-09_512_128_8_16_32_16384": {
        "e": 0.0007628441648147662,
        "a": 4.5901543566131195,
        "l": 3.6000000000000005e-08,
        "a_tpm": 81.99807038247786,
        "a_tpw": 1.908827624439079,
        "u": 55.7,
        "au": 255.67159766335078,
        "m_tpm": 162.87075813102365,
        "m_tpw": 2.0253888487339795,
        "tp": 37638.380000000005
    }
}