{
    "A_0.7_8_4e-09_256_256_8_16_32_16384": {
        "e": 0.0007663105501084292,
        "a": 8.759426825093119,
        "l": 4.400000000000001e-08,
        "a_tpm": 39.62608592201914,
        "a_tpw": 1.8999011883097334,
        "u": 55.7,
        "au": 487.90007415768673,
        "m_tpm": 85.34826934775523,
        "m_tpw": 2.0387185600240496,
        "tp": 34710.17999987793
    },
    "A_0.7_8_4e-09_512_512_8_16_32_16384": {
        "e": 0.0007990920392624375,
        "a": 17.66356851253248,
        "l": 3.2e-08,
        "a_tpm": 25.270533509879247,
        "a_tpw": 1.8580981372389487,
        "u": 20.86,
        "au": 368.4620391714275,
        "m_tpm": 63.39285287712561,
        "m_tpw": 2.052472898162665,
        "tp": 44636.78
    },
    "A_0.7_8_4e-09_256_512_8_16_32_16384": {
        "e": 0.0007992468751538094,
        "a": 17.34306504986624,
        "l": 4.400000000000001e-08,
        "a_tpm": 20.013867156743228,
        "a_tpw": 1.8537863410156692,
        "u": 27.85,
        "au": 483.0043616387748,
        "m_tpm": 43.106677963233835,
        "m_tpw": 2.039708589934113,
        "tp": 34710.17999987793
    },
    "A_0.7_8_4e-09_512_256_8_16_32_16384": {
        "e": 0.000765434823707689,
        "a": 8.947988892426238,
        "l": 3.2e-08,
        "a_tpm": 49.8847065375567,
        "a_tpw": 1.9021185113661114,
        "u": 41.71,
        "au": 373.2206167030984,
        "m_tpm": 125.13918082171226,
        "m_tpw": 2.0326927239877772,
        "tp": 44636.78
    },
    "A_0.7_8_4e-09_512_128_8_16_32_16384": {
        "e": 0.0007628441648147662,
        "a": 4.5901543566131195,
        "l": 3.6000000000000005e-08,
        "a_tpm": 81.99807038247786,
        "a_tpw": 1.908827624439079,
        "u": 55.7,
        "au": 255.67159766335078,
        "m_tpm": 162.87075813102365,
        "m_tpw": 2.0253888487339795,
        "tp": 37638.380000000005
    },
    "A_0.7_8_4e-09_128_512_8_16_32_16384": {
        "e": 0.0007971767560644854,
        "a": 17.182768920453118,
        "l": 6.000000000000001e-08,
        "a_tpm": 13.631947277204208,
        "a_tpw": 1.8557310167388466,
        "u": 41.78,
        "au": 717.8960854965312,
        "m_tpm": 32.63161150544146,
        "m_tpw": 2.035359635346921,
        "tp": 23423.459999999995
    }
}