{
    "A_0.75_1_1e-09_512_32_8_8_8_65536": {
        "e": 0.007399179248384099,
        "a": 0.5912269797376,
        "l": 8.381000000000025e-06,
        "a_tpm": 18.151743013771092,
        "a_tpw": 0.922527537786932,
        "u": 91.55,
        "au": 54.12682999497728,
        "m_tpm": 32.47483734338612,
        "m_tpw": 1.9288218447560739,
        "tp": 1073.1800199004958
    },
    "A_0.6_1_8e-09_16_64_1_16_128_524288": {
        "e": 0.006612712292090206,
        "a": 3.5480601482944,
        "l": 0.00018245600000000008,
        "a_tpm": 0.12598322489932268,
        "a_tpw": 1.1269667735139732,
        "u": 100.0,
        "au": 354.80601482943996,
        "m_tpm": 0.1847093827637168,
        "m_tpw": 1.906787210601566,
        "tp": 44.69960596188973
    }
}