{
    "A_0.75_8_1e-09_512_128_4_64_128_131072": {
        "e": 0.0010631260806804274,
        "a": 36.706365219304956,
        "l": 1.1299999999999994e-07,
        "a_tpm": 1.7290655073257009,
        "a_tpw": 0.6785022457991899,
        "u": 0.69,
        "au": 25.32739200132042,
        "m_tpm": 8.037703494674338,
        "m_tpw": 1.9218686885832268,
        "tp": 6346.770999999997
    },
    "A_0.5_2_4e-09_512_512_8_32_32_16384": {
        "e": 0.0013367826015780878,
        "a": 35.21827302506496,
        "l": 1.116000000000001e-06,
        "a_tpm": 0.4189629766768721,
        "a_tpw": 0.34678158719002655,
        "u": 2.75,
        "au": 96.85025081892864,
        "m_tpm": 2.0943309726602917,
        "m_tpw": 0.749256737316582,
        "tp": 1475.5152499999995
    },
    "A_0.55_4_1e-09_512_512_32_4_64_32768": {
        "e": 0.0010729830835984795,
        "a": 35.30081168906496,
        "l": 2.8300000000000024e-07,
        "a_tpm": 1.6717117022632155,
        "a_tpw": 0.5753444910527495,
        "u": 1.37,
        "au": 48.362112014019,
        "m_tpm": 8.357736433901666,
        "m_tpw": 1.2145922079537326,
        "tp": 5901.277999999998
    }
}