{
    "A_0.7_1_4e-09_32_64_8_32_32_16384": {
        "e": 0.00174115205800788,
        "a": 4.7269449469952,
        "l": 6.78e-06,
        "a_tpm": 1.043591188506199,
        "a_tpw": 2.3932461740448097,
        "u": 56.25,
        "au": 265.89065326848,
        "m_tpm": 1.2477911348955655,
        "m_tpw": 3.9369185958617634,
        "tp": 493.2998095238095
    },
    "A_0.7_1_4e-09_64_64_8_32_32_16384": {
        "e": 0.0018156371739620147,
        "a": 4.8157607624704,
        "l": 3.8119999999999992e-06,
        "a_tpm": 1.8335731277647322,
        "a_tpw": 2.2468064676137636,
        "u": 56.25,
        "au": 270.88654288896,
        "m_tpm": 2.4495568990741585,
        "m_tpw": 3.650428005382775,
        "tp": 883.0049523809522
    },
    "A_0.7_1_4e-09_128_32_8_32_32_16384": {
        "e": 0.002619735660004638,
        "a": 2.6766674018303998,
        "l": 3.8119999999999992e-06,
        "a_tpm": 3.298896798971445,
        "a_tpw": 1.378260743986981,
        "u": 56.25,
        "au": 150.56254135295998,
        "m_tpm": 4.407151965138869,
        "m_tpw": 1.996549961666241,
        "tp": 883.0049523809522
    },
    "A_0.7_1_4e-09_256_32_8_32_32_16384": {
        "e": 0.0029274907566355242,
        "a": 2.9697092804608,
        "l": 2.7759999999999993e-06,
        "a_tpm": 4.723061003823817,
        "a_tpw": 1.2785014038973144,
        "u": 49.22,
        "au": 146.16909078428057,
        "m_tpm": 6.951468325814289,
        "m_tpw": 2.0608562610461894,
        "tp": 1402.6118095238091
    },
    "A_0.7_1_4e-09_64_32_8_32_32_16384": {
        "e": 0.002497680549074698,
        "a": 2.5325837258751998,
        "l": 6.78e-06,
        "a_tpm": 1.9478124434102841,
        "a_tpw": 1.4860936966338276,
        "u": 56.25,
        "au": 142.45783458047998,
        "m_tpm": 2.3289417600445605,
        "m_tpw": 2.1684041655564434,
        "tp": 493.2998095238095
    },
    "A_0.7_1_4e-09_32_32_8_32_32_16384": {
        "e": 0.0024589047335118438,
        "a": 2.4530723250176005,
        "l": 1.2380000000000002e-05,
        "a_tpm": 1.1941146186093419,
        "a_tpw": 1.5225219794596552,
        "u": 87.5,
        "au": 214.64382843904005,
        "m_tpm": 1.8701120033087832,
        "m_tpw": 2.2349908740852626,
        "tp": 292.92495238095245
    }
}