{
    "A_0.85_6_1e-08_512_512_32_64_128_131072": {
        "e": 0.02540480862501838,
        "a": 1125.3214499940786,
        "l": 1.6000000000000003e-07,
        "a_tpm": 1.7184272458417775,
        "a_tpw": 1.2502051203513904,
        "u": 3.59,
        "au": 4039.904005478742,
        "m_tpm": 3.2873950176809177,
        "m_tpw": 1.436399625956941,
        "tp": 193378.30400000003
    },
    "A_0.85_4_1e-08_512_512_32_64_128_131072": {
        "e": 0.03531846992149453,
        "a": 1125.3214499940786,
        "l": 1.6000000000000003e-07,
        "a_tpm": 1.7184272458417775,
        "a_tpw": 0.8851985457885185,
        "u": 5.38,
        "au": 6054.229400968143,
        "m_tpm": 3.2873950176809177,
        "m_tpw": 0.9940900471895342,
        "tp": 193378.30400000003
    },
    "A_0.85_5_1e-08_512_512_32_64_128_131072": {
        "e": 0.027252992276059654,
        "a": 1125.3214499940786,
        "l": 1.6000000000000003e-07,
        "a_tpm": 1.7184272458417775,
        "a_tpw": 1.1607613977158888,
        "u": 4.31,
        "au": 4850.135449474478,
        "m_tpm": 3.2873950176809177,
        "m_tpw": 1.3288946692145158,
        "tp": 193378.30400000003
    },
    "A_0.85_1_1e-08_512_512_32_64_128_131072": {
        "e": 0.13177712632356725,
        "a": 1125.3214499940786,
        "l": 1.6000000000000003e-07,
        "a_tpm": 1.7184272458417775,
        "a_tpw": 0.2327031395757137,
        "u": 21.53,
        "au": 24228.170818372513,
        "m_tpm": 3.2873950176809177,
        "m_tpw": 0.24681283673168947,
        "tp": 193378.30400000003
    },
    "A_0.85_8_1e-08_512_512_32_64_128_131072": {
        "e": 0.019700948867643082,
        "a": 1125.3214499940786,
        "l": 1.6000000000000003e-07,
        "a_tpm": 1.7184272458417775,
        "a_tpw": 1.671918772030462,
        "u": 2.69,
        "au": 3027.1147004840714,
        "m_tpm": 3.2873950176809177,
        "m_tpw": 2.0075280051762743,
        "tp": 193378.30400000003
    },
    "A_0.85_2_1e-08_512_512_32_64_128_131072": {
        "e": 0.0670420226376697,
        "a": 1125.3214499940786,
        "l": 1.6000000000000003e-07,
        "a_tpm": 1.7184272458417775,
        "a_tpw": 0.45788986277564564,
        "u": 10.77,
        "au": 12119.712016436226,
        "m_tpm": 3.2873950176809177,
        "m_tpw": 0.4971523115593879,
        "tp": 193378.30400000003
    },
    "A_0.85_7_1e-08_512_512_32_64_128_131072": {
        "e": 0.024998855530403333,
        "a": 1125.3214499940786,
        "l": 1.6000000000000003e-07,
        "a_tpm": 1.7184272458417775,
        "a_tpw": 1.271844435689579,
        "u": 3.08,
        "au": 3465.990065981762,
        "m_tpm": 3.2873950176809177,
        "m_tpw": 1.4633038056575214,
        "tp": 193378.30400000003
    },
    "A_0.85_3_1e-08_512_512_32_64_128_131072": {
        "e": 0.04551521278133851,
        "a": 1125.3214499940786,
        "l": 1.6000000000000003e-07,
        "a_tpm": 1.7184272458417775,
        "a_tpw": 0.6805857889399795,
        "u": 7.18,
        "au": 8079.808010957484,
        "m_tpm": 3.2873950176809177,
        "m_tpw": 0.7557787447446168,
        "tp": 193378.30400000003
    }
}