{
    "A_0.7_8_4e-09_512_128_8_16_32_8192": {
        "e": 0.0005022993373589018,
        "a": 4.52995785661312,
        "l": 1.9680000000000017e-06,
        "a_tpm": 3.1527401472732373,
        "a_tpw": 1.1536758147731676,
        "u": 5.5,
        "au": 24.914768211372156,
        "m_tpm": 16.282429624002425,
        "m_tpw": 2.4348124734702834,
        "tp": 1428.1779999999994
    },
    "A_0.7_8_4e-09_512_128_32_8_16_16384": {
        "e": 0.0006339118744281424,
        "a": 4.59414614541312,
        "l": 2.0240000000000013e-06,
        "a_tpm": 3.1084149367468283,
        "a_tpw": 1.0392092894057465,
        "u": 5.5,
        "au": 25.26780379977216,
        "m_tpm": 16.054935490818476,
        "m_tpw": 2.1183510890697153,
        "tp": 1428.0512499999993
    },
    "A_0.7_8_4e-09_512_128_16_4_64_65536": {
        "e": 0.0010072404806554752,
        "a": 4.87172302541312,
        "l": 2.0240000000000013e-06,
        "a_tpm": 2.931306321296666,
        "a_tpw": 0.772618184014438,
        "u": 5.5,
        "au": 26.79447663977216,
        "m_tpm": 15.140171067862646,
        "m_tpw": 2.0058641840593814,
        "tp": 1428.0512499999993
    },
    "A_0.7_8_4e-09_512_128_4_8_128_16384": {
        "e": 0.000591474994323653,
        "a": 4.60852977741312,
        "l": 2.0520000000000013e-06,
        "a_tpm": 3.098644945290084,
        "a_tpw": 1.0341404132711804,
        "u": 5.5,
        "au": 25.346913775772162,
        "m_tpm": 16.004826606849566,
        "m_tpw": 2.1166063857168016,
        "tp": 1428.0197499999992
    },
    "A_0.7_8_4e-09_512_128_8_8_64_8192": {
        "e": 0.0005071768947872895,
        "a": 4.53597252541312,
        "l": 2.0520000000000013e-06,
        "a_tpm": 3.1482107574492897,
        "a_tpw": 1.1489793817056704,
        "u": 5.5,
        "au": 24.94784888977216,
        "m_tpm": 16.260839232769015,
        "m_tpw": 2.4099815962237403,
        "tp": 1428.0197499999992
    },
    "A_0.7_8_4e-09_512_128_8_32_16_131072": {
        "e": 0.0011950111798583944,
        "a": 5.184571145413119,
        "l": 1.9080000000000027e-06,
        "a_tpm": 2.7547930386708703,
        "a_tpw": 0.6771846984359132,
        "u": 5.5,
        "au": 28.515141299772154,
        "m_tpm": 14.226580739518953,
        "m_tpw": 1.9340695794682887,
        "tp": 1428.2420499877924
    },
    "A_0.7_8_4e-09_512_128_1_64_64_32768": {
        "e": 0.0006025364767602326,
        "a": 4.66263752541312,
        "l": 1.992000000000002e-06,
        "a_tpm": 3.0630649331192767,
        "a_tpw": 0.991228941425732,
        "u": 5.5,
        "au": 25.64450638977216,
        "m_tpm": 15.819098010082783,
        "m_tpw": 2.098988992565885,
        "tp": 1428.196149993896
    },
    "A_0.7_8_4e-09_512_128_32_8_16_32768": {
        "e": 0.0007157191591272782,
        "a": 4.66192714541312,
        "l": 2.0240000000000013e-06,
        "a_tpm": 3.0632208643694963,
        "a_tpw": 0.9783509150322263,
        "u": 5.5,
        "au": 25.640599299772163,
        "m_tpm": 15.82150850910902,
        "m_tpw": 2.0986619602913015,
        "tp": 1428.0512499999993
    },
    "A_0.7_8_4e-09_512_128_32_8_16_4096": {
        "e": 0.00047859937444580603,
        "a": 4.515636845413121,
        "l": 2.0240000000000013e-06,
        "a_tpm": 3.1624581402080234,
        "a_tpw": 1.2222988470100642,
        "u": 5.5,
        "au": 24.836002649772162,
        "m_tpm": 16.334068155839947,
        "m_tpw": 2.5961997948960622,
        "tp": 1428.0512499999993
    },
    "A_0.7_8_4e-09_512_128_32_32_4_4096": {
        "e": 0.00047626720537988324,
        "a": 4.51695048893312,
        "l": 2.0240000000000013e-06,
        "a_tpm": 3.1615384173433743,
        "a_tpw": 1.223924303377459,
        "u": 5.5,
        "au": 24.84322768913216,
        "m_tpm": 16.32931779542738,
        "m_tpw": 2.6008497163284425,
        "tp": 1428.0512499999993
    },
    "A_0.7_8_4e-09_512_128_4_16_64_65536": {
        "e": 0.0009191541067764864,
        "a": 4.86947302541312,
        "l": 2.0360000000000013e-06,
        "a_tpm": 2.932720065491775,
        "a_tpw": 0.7816193627798241,
        "u": 5.5,
        "au": 26.782101639772158,
        "m_tpm": 15.147166770421201,
        "m_tpw": 2.0058641840593814,
        "tp": 1428.0801249999993
    },
    "A_0.7_8_4e-09_512_128_8_8_64_4096": {
        "e": 0.0004668233573618817,
        "a": 4.51765972541312,
        "l": 2.0520000000000013e-06,
        "a_tpm": 3.160972354706095,
        "a_tpw": 1.2179023828157962,
        "u": 5.5,
        "au": 24.84712848977216,
        "m_tpm": 16.326754223007597,
        "m_tpw": 2.5923060026027582,
        "tp": 1428.0197499999992
    },
    "A_0.7_8_4e-09_512_128_16_4_64_4096": {
        "e": 0.0004751340456531071,
        "a": 4.51915972541312,
        "l": 2.0240000000000013e-06,
        "a_tpm": 3.1599928676330498,
        "a_tpw": 1.2122589877229482,
        "u": 5.5,
        "au": 24.85537848977216,
        "m_tpm": 16.32133504492527,
        "m_tpw": 2.5923060026027582,
        "tp": 1428.0512499999993
    },
    "A_0.7_8_4e-09_512_128_1_64_64_4096": {
        "e": 0.00044704125877700093,
        "a": 4.51634722541312,
        "l": 1.992000000000002e-06,
        "a_tpm": 3.1622815490304914,
        "a_tpw": 1.2255422822577695,
        "u": 5.5,
        "au": 24.83990973977216,
        "m_tpm": 16.331498956715652,
        "m_tpw": 2.5923060026027582,
        "tp": 1428.196149993896
    },
    "A_0.7_8_4e-09_512_128_4_8_128_2048": {
        "e": 0.00043663381128989965,
        "a": 4.50979777741312,
        "l": 2.0520000000000013e-06,
        "a_tpm": 3.1664828901022934,
        "a_tpw": 1.26377148196547,
        "u": 5.5,
        "au": 24.80388777577216,
        "m_tpm": 16.35521671712495,
        "m_tpw": 2.7106726076514347,
        "tp": 1428.0197499999992
    },
    "A_0.7_8_4e-09_512_128_16_8_32_2048": {
        "e": 0.000426810131771753,
        "a": 4.49292235661312,
        "l": 2.0240000000000013e-06,
        "a_tpm": 3.1784463132287506,
        "a_tpw": 1.2818598982943434,
        "u": 5.5,
        "au": 24.711072961372157,
        "m_tpm": 16.4166469272354,
        "m_tpw": 2.7776138368366525,
        "tp": 1428.0512499999993
    },
    "A_0.7_8_4e-09_512_128_4_32_32_8192": {
        "e": 0.0004954473821171225,
        "a": 4.5292078566131195,
        "l": 1.952000000000002e-06,
        "a_tpm": 3.153395516866425,
        "a_tpw": 1.15536841518718,
        "u": 5.5,
        "au": 24.910643211372157,
        "m_tpm": 16.28512586197706,
        "m_tpw": 2.4348124734702834,
        "tp": 1428.2383749999995
    }
}