{
    "A_0.75_1_1e-09_32_32_1_16_32_2048": {
        "e": 0.002231156230252326,
        "a": 0.1548716691136,
        "l": 3.9102999999999995e-05,
        "a_tpm": 6.507632885073471,
        "a_tpw": 1.7970930973371182,
        "u": 100.0,
        "au": 15.487166911360001,
        "m_tpm": 8.463265150442544,
        "m_tpw": 2.7269027411088143,
        "tp": 100.78479668898808
    },
    "A_0.65_1_2e-09_32_32_1_16_32_2048": {
        "e": 0.002510448100031726,
        "a": 0.1561006124736,
        "l": 7.820599999999999e-05,
        "a_tpm": 3.2281999119648863,
        "a_tpw": 1.5228423881418744,
        "u": 100.0,
        "au": 15.61006124736,
        "m_tpm": 4.1983179285144425,
        "m_tpw": 2.1833396027202245,
        "tp": 50.39239834449404
    },
    "A_0.7_1_8e-09_32_32_1_16_32_2048": {
        "e": 0.0023142312308341833,
        "a": 0.1553325203136,
        "l": 0.00031282399999999996,
        "a_tpm": 0.8110406990557595,
        "a_tpw": 1.6989026649647154,
        "u": 100.0,
        "au": 15.53325203136,
        "m_tpm": 1.0547694691956604,
        "m_tpw": 2.518986305097687,
        "tp": 12.59809958612351
    },
    "A_0.5_1_1e-08_32_32_1_16_32_2048": {
        "e": 0.009207580137560609,
        "a": 0.1798348025536,
        "l": 0.0003910299999999999,
        "a_tpm": 0.5604298792996371,
        "a_tpw": 0.37571988690185826,
        "u": 100.0,
        "au": 17.98348025536,
        "m_tpm": 0.728846686730361,
        "m_tpw": 0.44964442838034757,
        "tp": 10.078479668898812
    },
    "A_0.85_1_8e-09_32_32_1_16_32_2048": {
        "e": 0.0022184058058206564,
        "a": 0.1543339974336,
        "l": 0.00031282399999999996,
        "a_tpm": 0.8162880373485865,
        "a_tpw": 1.853371308193518,
        "u": 100.0,
        "au": 15.433399743359999,
        "m_tpm": 1.0615937040734647,
        "m_tpw": 2.901147461844109,
        "tp": 12.59809958612351
    },
    "A_0.55_1_2e-09_32_32_1_16_32_2048": {
        "e": 0.004136031785256554,
        "a": 0.16178451903359997,
        "l": 7.820599999999999e-05,
        "a_tpm": 3.114784940209784,
        "a_tpw": 0.8588817853242028,
        "u": 100.0,
        "au": 16.178451903359996,
        "m_tpm": 4.050820213916095,
        "m_tpw": 1.1018698996646084,
        "tp": 50.39239834449404
    },
    "A_0.65_1_4e-09_32_32_1_16_32_2048": {
        "e": 0.002510448100031726,
        "a": 0.1561006124736,
        "l": 0.00015641199999999998,
        "a_tpm": 1.6140999559824432,
        "a_tpw": 1.5228423881418744,
        "u": 100.0,
        "au": 15.61006124736,
        "m_tpm": 2.0991589642572213,
        "m_tpw": 2.1833396027202245,
        "tp": 25.19619917224702
    },
    "A_0.75_1_8e-09_32_32_1_16_32_2048": {
        "e": 0.0022311585978530483,
        "a": 0.1548716691136,
        "l": 0.00031282399999999996,
        "a_tpm": 0.8134541106341838,
        "a_tpw": 1.7970897278053868,
        "u": 100.0,
        "au": 15.487166911360001,
        "m_tpm": 1.057908143805318,
        "m_tpw": 2.72688370508539,
        "tp": 12.59809958612351
    },
    "A_0.85_1_1e-08_32_32_1_16_32_2048": {
        "e": 0.0022184058058206564,
        "a": 0.1543339974336,
        "l": 0.0003910299999999999,
        "a_tpm": 0.6530304298788691,
        "a_tpw": 1.853371308193518,
        "u": 100.0,
        "au": 15.433399743359999,
        "m_tpm": 0.8492749632587718,
        "m_tpw": 2.901147461844109,
        "tp": 10.078479668898812
    },
    "A_0.5_1_4e-09_32_32_1_16_32_2048": {
        "e": 0.009207577829149903,
        "a": 0.1798348025536,
        "l": 0.00015641199999999998,
        "a_tpm": 1.401074698249092,
        "a_tpw": 0.3757199831612608,
        "u": 100.0,
        "au": 17.98348025536,
        "m_tpm": 1.8221167168259023,
        "m_tpw": 0.44964494596203,
        "tp": 25.19619917224702
    },
    "A_0.75_1_6e-09_32_32_1_16_32_2048": {
        "e": 0.0022311585978530483,
        "a": 0.1548716691136,
        "l": 0.000234618,
        "a_tpm": 1.0846054808455785,
        "a_tpw": 1.7970897278053868,
        "u": 100.0,
        "au": 15.487166911360001,
        "m_tpm": 1.4105441917404242,
        "m_tpw": 2.72688370508539,
        "tp": 16.79746611483135
    },
    "A_0.8_1_4e-09_32_32_1_16_32_2048": {
        "e": 0.0022008566482587077,
        "a": 0.15456442815359997,
        "l": 0.00015641199999999998,
        "a_tpm": 1.6301421661656865,
        "a_tpw": 1.8511686194658916,
        "u": 100.0,
        "au": 15.456442815359997,
        "m_tpm": 2.1200220769708062,
        "m_tpw": 2.8629989497145614,
        "tp": 25.19619917224702
    },
    "A_0.6_1_2e-09_32_32_1_16_32_2048": {
        "e": 0.0029660932832422725,
        "a": 0.15771361727359998,
        "l": 7.820599999999999e-05,
        "a_tpm": 3.195183727038219,
        "a_tpw": 1.2440080707879713,
        "u": 100.0,
        "au": 15.771361727359997,
        "m_tpm": 4.155379930593362,
        "m_tpw": 1.7000163636775105,
        "tp": 50.39239834449404
    },
    "A_0.75_1_2e-09_32_32_1_16_32_2048": {
        "e": 0.002231156230252326,
        "a": 0.1548716691136,
        "l": 7.820599999999999e-05,
        "a_tpm": 3.2538164425367353,
        "a_tpw": 1.7970930973371182,
        "u": 100.0,
        "au": 15.487166911360001,
        "m_tpm": 4.231632575221272,
        "m_tpw": 2.7269027411088143,
        "tp": 50.39239834449404
    },
    "A_0.65_1_1e-08_32_32_1_16_32_2048": {
        "e": 0.002510448704263155,
        "a": 0.1561006124736,
        "l": 0.0003910299999999999,
        "a_tpm": 0.6456399823929776,
        "a_tpw": 1.52284195510504,
        "u": 100.0,
        "au": 15.61006124736,
        "m_tpm": 0.8396635857028885,
        "m_tpw": 2.1833396027202245,
        "tp": 10.078479668898812
    },
    "A_0.8_1_1e-08_32_32_1_16_32_2048": {
        "e": 0.0022008566482587077,
        "a": 0.15456442815359997,
        "l": 0.0003910299999999999,
        "a_tpm": 0.6520568664662749,
        "a_tpw": 1.8511686194658916,
        "u": 100.0,
        "au": 15.456442815359997,
        "m_tpm": 0.8480088307883226,
        "m_tpw": 2.8629989497145614,
        "tp": 10.078479668898812
    },
    "A_0.6_1_4e-09_32_32_1_16_32_2048": {
        "e": 0.0029660932832422725,
        "a": 0.15771361727359998,
        "l": 0.00015641199999999998,
        "a_tpm": 1.5975918635191095,
        "a_tpw": 1.2440080707879713,
        "u": 100.0,
        "au": 15.771361727359997,
        "m_tpm": 2.077689965296681,
        "m_tpw": 1.7000163636775105,
        "tp": 25.19619917224702
    },
    "A_0.55_1_8e-09_32_32_1_16_32_2048": {
        "e": 0.0041360341528572766,
        "a": 0.16178451903359997,
        "l": 0.00031282399999999996,
        "a_tpm": 0.778696235052446,
        "a_tpw": 0.8588812461339298,
        "u": 100.0,
        "au": 16.178451903359996,
        "m_tpm": 1.0127050534790238,
        "m_tpw": 1.1018698996646084,
        "tp": 12.59809958612351
    },
    "A_0.85_1_4e-09_32_32_1_16_32_2048": {
        "e": 0.0022184058058206564,
        "a": 0.1543339974336,
        "l": 0.00015641199999999998,
        "a_tpm": 1.632576074697173,
        "a_tpw": 1.853371308193518,
        "u": 100.0,
        "au": 15.433399743359999,
        "m_tpm": 2.1231874081469293,
        "m_tpw": 2.901147461844109,
        "tp": 25.19619917224702
    },
    "A_0.85_1_1e-09_32_32_1_16_32_2048": {
        "e": 0.0022184058058206564,
        "a": 0.1543339974336,
        "l": 3.9102999999999995e-05,
        "a_tpm": 6.530304298788692,
        "a_tpw": 1.853371308193518,
        "u": 100.0,
        "au": 15.433399743359999,
        "m_tpm": 8.492749632587717,
        "m_tpw": 2.901147461844109,
        "tp": 100.78479668898808
    },
    "A_0.65_1_1e-09_32_32_1_16_32_2048": {
        "e": 0.002510448100031726,
        "a": 0.1561006124736,
        "l": 3.9102999999999995e-05,
        "a_tpm": 6.456399823929773,
        "a_tpw": 1.5228423881418744,
        "u": 100.0,
        "au": 15.61006124736,
        "m_tpm": 8.396635857028885,