{
    "A_0.7_8_4e-09_256_256_8_16_32_16384": {
        "e": 0.0007038778248704829,
        "a": 8.759426825093119,
        "l": 1.9680000000000017e-06,
        "a_tpm": 1.6304468642956187,
        "a_tpw": 1.0173160927745861,
        "u": 5.5,
        "au": 48.176847538012154,
        "m_tpm": 8.420496166336305,
        "m_tpw": 2.1341803217783917,
        "tp": 1428.1779999999994
    }
}