{
    "A_0.85_1_1e-08_256_256_32_64_128_131072": {
        "e": 0.0056340443312797115,
        "a": 635.9941412779649,
        "l": 1.2399999999999998e-06,
        "a_tpm": 0.03773209600921748,
        "a_tpw": 0.993502885666237,
        "u": 1.76,
        "au": 1119.3496886492183,
        "m_tpm": 0.1187078104969577,
        "m_tpw": 2.588754945557448,
        "tp": 2399.7392
    },
    "A_0.85_1_1e-08_512_512_32_64_128_131072": {
        "e": 0.005577062670775615,
        "a": 1367.1017522558593,
        "l": 1.2399999999999998e-06,
        "a_tpm": 0.017553479073815697,
        "a_tpw": 1.0150072977032603,
        "u": 0.44,
        "au": 601.524770992578,
        "m_tpm": 0.05522447167917191,
        "m_tpw": 2.6975523316520165,
        "tp": 2399.7392
    },
    "A_0.85_1_1e-08_32_128_32_64_128_131072": {
        "e": 0.0057348053189787635,
        "a": 295.2557834073728,
        "l": 1.2399999999999998e-06,
        "a_tpm": 0.08127661962472085,
        "a_tpw": 0.930500459537716,
        "u": 28.12,
        "au": 8302.592629415323,
        "m_tpm": 0.25570192437461586,
        "m_tpw": 2.394474548842683,
        "tp": 2399.7392
    },
    "A_0.85_1_1e-08_64_512_32_64_128_131072": {
        "e": 0.005954911112635418,
        "a": 1185.4524573021824,
        "l": 1.2399999999999998e-06,
        "a_tpm": 0.020243234431022692,
        "a_tpw": 0.9686745765929643,
        "u": 3.52,
        "au": 4172.792649703682,
        "m_tpm": 0.06368662997402266,
        "m_tpw": 2.5002784310060773,
        "tp": 2399.7392
    },
    "A_0.85_1_1e-08_256_128_32_64_128_131072": {
        "e": 0.005936588963855532,
        "a": 322.4957826397824,
        "l": 1.2399999999999998e-06,
        "a_tpm": 0.07441149091491943,
        "a_tpw": 0.9668164962405918,
        "u": 3.52,
        "au": 1135.1851548920342,
        "m_tpm": 0.23410374976694898,
        "m_tpw": 2.5326611988199828,
        "tp": 2399.7392
    },
    "A_0.85_1_1e-08_32_512_32_64_128_131072": {
        "e": 0.005703782675715407,
        "a": 1171.9625876534913,
        "l": 1.2399999999999998e-06,
        "a_tpm": 0.02047624408220034,
        "a_tpw": 0.9521688095731191,
        "u": 7.03,
        "au": 8238.896991204043,
        "m_tpm": 0.0644196946176937,
        "m_tpw": 2.4342224032712463,
        "tp": 2399.7392
    },
    "A_0.85_1_1e-08_32_64_32_64_128_131072": {
        "e": 0.005808887335446118,
        "a": 149.24198648848642,
        "l": 1.2399999999999998e-06,
        "a_tpm": 0.16079517945743324,
        "a_tpw": 0.851361176274192,
        "u": 56.25,
        "au": 8394.861739977361,
        "m_tpm": 0.5058728698027911,
        "m_tpw": 2.078234730793785,
        "tp": 2399.7392
    },
    "A_0.85_1_1e-08_64_64_32_64_128_131072": {
        "e": 0.005777759838930534,
        "a": 152.1532396992128,
        "l": 1.2399999999999998e-06,
        "a_tpm": 0.15771857403391298,
        "a_tpw": 0.8821248591497681,
        "u": 28.12,
        "au": 4278.549100341864,
        "m_tpm": 0.4961936541689727,
        "m_tpw": 2.225136854817118,
        "tp": 2399.7392
    },
    "A_0.85_1_1e-08_512_32_32_64_128_131072": {
        "e": 0.0062614380488456925,
        "a": 104.35262638629119,
        "l": 1.2399999999999998e-06,
        "a_tpm": 0.22996442764331362,
        "a_tpw": 0.6665013806292038,
        "u": 7.03,
        "au": 733.5989634956271,
        "m_tpm": 0.723484157653344,
        "m_tpw": 1.6819884602135722,
        "tp": 2399.7392
    },
    "A_0.85_1_1e-08_512_64_32_64_128_131072": {
        "e": 0.006035661910757343,
        "a": 185.7024025949824,
        "l": 1.2399999999999998e-06,
        "a_tpm": 0.12922499474785148,
        "a_tpw": 0.8901430203369671,
        "u": 3.52,
        "au": 653.6724571343381,
        "m_tpm": 0.4065508628052608,
        "m_tpw": 2.360842499697812,
        "tp": 2399.7392
    },
    "A_0.85_1_1e-08_128_64_32_64_128_131072": {
        "e": 0.005859620507964473,
        "a": 156.94671508578563,
        "l": 1.2399999999999998e-06,
        "a_tpm": 0.1529015244879974,
        "a_tpw": 0.8978544543873231,
        "u": 14.06,
        "au": 2206.670814106146,
        "m_tpm": 0.4810388797161749,
        "m_tpw": 2.346955941816522,
        "tp": 2399.7392
    },
    "A_0.85_1_1e-08_128_32_32_64_128_131072": {
        "e": 0.006033229606162595,
        "a": 82.00130910593279,
        "l": 1.2399999999999998e-06,
        "a_tpm": 0.2926464499365387,
        "a_tpw": 0.7182194833349548,
        "u": 28.12,
        "au": 2305.87681205883,
        "m_tpm": 0.9206861795641473,
        "m_tpw": 1.7270307671221978,
        "tp": 2399.7392
    },
    "A_0.85_1_1e-08_32_32_32_64_128_131072": {
        "e": 0.006304468295938212,
        "a": 75.8976769980032,
        "l": 1.2499999999999999e-06,
        "a_tpm": 0.25401040931077784,
        "a_tpw": 0.6907493798035254,
        "u": 56.25,
        "au": 4269.24433113768,
        "m_tpm": 0.4973635227464621,
        "m_tpw": 1.5538234498560042,
        "tp": 1927.8799999999999
    },
    "A_0.85_1_1e-08_512_128_32_64_128_131072": {
        "e": 0.005615552616026799,
        "a": 353.03623576756485,
        "l": 1.2399999999999998e-06,
        "a_tpm": 0.06797430282992147,
        "a_tpw": 0.9900425841715252,
        "u": 1.76,
        "au": 621.3437749509142,
        "m_tpm": 0.21385190626637743,
        "m_tpw": 2.641696366378348,
        "tp": 2399.7392
    },
    "A_0.85_1_1e-08_256_512_32_64_128_131072": {
        "e": 0.005623416536626693,
        "a": 1263.3033681991296,
        "l": 1.2399999999999998e-06,
        "a_tpm": 0.018995747659731867,
        "a_tpw": 0.9955204895742712,
        "u": 0.88,
        "au": 1111.706964015234,
        "m_tpm": 0.059761949425990626,
        "m_tpw": 2.5848013350643644,
        "tp": 2399.7392
    },
    "A_0.85_1_1e-08_32_256_32_64_128_131072": {
        "e": 0.005954299758856537,
        "a": 587.4789915555456,
        "l": 1.2399999999999998e-06,
        "a_tpm": 0.04084808536975755,
        "a_tpw": 0.9480024958553229,
        "u": 14.06,
        "au": 8259.954621270972,
        "m_tpm": 0.12851093074851133,
        "m_tpw": 2.4410782301128293,
        "tp": 2399.7392
    },
    "A_0.85_1_1e-08_256_64_32_64_128_131072": {
        "e": 0.005757376418020917,
        "a": 166.53265644069123,
        "l": 1.2399999999999998e-06,
        "a_tpm": 0.14410021741619433,
        "a_tpw": 0.8896281905450988,
        "u": 7.03,
        "au": 1170.7245747780594,
        "m_tpm": 0.45334935269520305,
        "m_tpw": 2.271088785399915,
        "tp": 2399.7392
    },
    "A_0.85_1_1e-08_128_128_32_64_128_131072": {
        "e": 0.005681488486898598,
        "a": 307.2245244982912,
        "l": 1.2399999999999998e-06,
        "a_tpm": 0.07811027468978465,
        "a_tpw": 0.9713298231097683,
        "u": 7.03,
        "au": 2159.788407222987,
        "m_tpm": 0.24574038196752068,
        "m_tpw": 2.578859459173973,
        "tp": 2399.7392
    },
    "A_0.85_1_1e-08_64_32_32_64_128_131072": {
        "e": 0.006021573328500817,
        "a": 78.2752278836864,
        "l": 1.2399999999999998e-06,
        "a_tpm": 0.3065770953188292,
        "a_tpw": 0.7019165804793124,
        "u": 56.25,
        "au": 4402.98156845736,
        "m_tpm": 0.9645129633117898,
        "m_tpw": 1.590402012914573,
        "tp": 2399.7392
    },
    "A_0.85_1_1e-08_256_32_32_64_128_131072": {
        "e": 0.006378320650442114,
        "a": 89.4524464035456,
        "l": 1.2399999999999998e-06,
        "a_tpm": 0.26826982340696304,
        "a_tpw": 0.6905277864512173,
        "u": 14.06,
        "au": 1257.7013964338512,
        "m_tpm": 0.8439956092358759,
        "m_tpw": 1.6267636721027467,
        "tp": 2399.7392
    },
    "A_0.85_1_1e-08_512_256_32_64_128_131072": {
        "e": 0.00559148433973497,
        "a": 690.8490296391295,
        "l": 1.2399999999999998e-06,
        "a_tpm": 0.03473608700374846,
        "a_tpw": 1.0113466948833805,
        "u": 0.88,
        "au": 607.947146082434,