{
    "A_0.75_1_1e-09_512_32_8_8_8_65536": {
        "e": 0.0862312465189865,
        "a": 0.5912269797376,
        "l": 8.660000000000009e-05,
        "a_tpm": 28.1278114582439,
        "a_tpw": 1.457077023674877,
        "u": 100.0,
        "au": 59.12269797376,
        "m_tpm": 35.471182335602535,
        "m_tpw": 2.2992818882806523,
        "tp": 1662.9921015086218
    },
    "A_0.6_1_8e-09_16_64_1_16_128_524288": {
        "e": 0.17223047856367743,
        "a": 3.5480601482944,
        "l": 0.0027637120000000024,
        "a_tpm": 0.18470496244404389,
        "a_tpw": 0.8268867512942238,
        "u": 100.0,
        "au": 354.80601482943996,
        "m_tpm": 0.18470938276371673,
        "m_tpw": 2.070361277711703,
        "tp": 65.5344316439925
    }
}