{
    "A_0.75_1_1e-09_32_32_1_16_32_2048": {
        "e": 0.0050910021900806325,
        "a": 0.1548716691136,
        "l": 1.4884999999999999e-05,
        "a_tpm": 7.017620408935464,
        "a_tpw": 1.265101555654976,
        "u": 100.0,
        "au": 15.487166911360001,
        "m_tpm": 8.463265150442542,
        "m_tpw": 2.4002126012313663,
        "tp": 108.68305859374999
    },
    "A_0.65_1_2e-09_32_32_1_16_32_2048": {
        "e": 0.004931912426061276,
        "a": 0.1561006124736,
        "l": 2.9769999999999998e-05,
        "a_tpm": 3.4811861680597396,
        "a_tpw": 1.0776618623889458,
        "u": 100.0,
        "au": 15.61006124736,
        "m_tpm": 4.198317928514442,
        "m_tpw": 1.9678841309823676,
        "tp": 54.341529296874995
    },
    "A_0.7_1_8e-09_32_32_1_16_32_2048": {
        "e": 0.004980850651837239,
        "a": 0.1553325203136,
        "l": 0.00011907999999999999,
        "a_tpm": 0.8746000062827342,
        "a_tpw": 1.1954564962784167,
        "u": 100.0,
        "au": 15.53325203136,
        "m_tpm": 1.0547694691956602,
        "m_tpw": 2.2304477168780297,
        "tp": 13.585382324218749
    },
    "A_0.5_1_1e-08_32_32_1_16_32_2048": {
        "e": 0.007445114984609929,
        "a": 0.1798348025536,
        "l": 0.00014885,
        "a_tpm": 0.6043494198591337,
        "a_tpw": 0.2654839847715856,
        "u": 100.0,
        "au": 17.98348025536,
        "m_tpm": 0.728846686730361,
        "m_tpw": 0.42073489258806474,
        "tp": 10.868305859375
    },
    "A_0.85_1_8e-09_32_32_1_16_32_2048": {
        "e": 0.005403823076689058,
        "a": 0.1543339974336,
        "l": 0.00011907999999999999,
        "a_tpm": 0.8802585658460422,
        "a_tpw": 1.3017250647471605,
        "u": 100.0,
        "au": 15.433399743359999,
        "m_tpm": 1.0615937040734644,
        "m_tpw": 2.5499712771235346,
        "tp": 13.585382324218749
    },
    "A_0.55_1_2e-09_32_32_1_16_32_2048": {
        "e": 0.005398526027154884,
        "a": 0.16178451903359997,
        "l": 2.9769999999999998e-05,
        "a_tpm": 3.358883137983626,
        "a_tpw": 0.6079424643626558,
        "u": 100.0,
        "au": 16.178451903359996,
        "m_tpm": 4.0508202139160945,
        "m_tpw": 1.0261943917573442,
        "tp": 54.341529296874995
    },
    "A_0.65_1_4e-09_32_32_1_16_32_2048": {
        "e": 0.004931912426061276,
        "a": 0.1561006124736,
        "l": 5.9539999999999996e-05,
        "a_tpm": 1.7405930840298698,
        "a_tpw": 1.0776618623889458,
        "u": 100.0,
        "au": 15.61006124736,
        "m_tpm": 2.099158964257221,
        "m_tpw": 1.9678841309823676,
        "tp": 27.170764648437498
    },
    "A_0.75_1_8e-09_32_32_1_16_32_2048": {
        "e": 0.0050910021900806325,
        "a": 0.1548716691136,
        "l": 0.00011907999999999999,
        "a_tpm": 0.877202551116933,
        "a_tpw": 1.265101555654976,
        "u": 100.0,
        "au": 15.487166911360001,
        "m_tpm": 1.0579081438053177,
        "m_tpw": 2.4002126012313663,
        "tp": 13.585382324218749
    },
    "A_0.85_1_1e-08_32_32_1_16_32_2048": {
        "e": 0.005403823076689058,
        "a": 0.1543339974336,
        "l": 0.00014885,
        "a_tpm": 0.7042068526768339,
        "a_tpw": 1.3017250647471605,
        "u": 100.0,
        "au": 15.433399743359999,
        "m_tpm": 0.8492749632587718,
        "m_tpw": 2.5499712771235346,
        "tp": 10.868305859375
    },
    "A_0.5_1_4e-09_32_32_1_16_32_2048": {
        "e": 0.007445114984609929,
        "a": 0.1798348025536,
        "l": 5.9539999999999996e-05,
        "a_tpm": 1.5108735496478336,
        "a_tpw": 0.2654839847715856,
        "u": 100.0,
        "au": 17.98348025536,
        "m_tpm": 1.8221167168259018,
        "m_tpw": 0.42073489258806474,
        "tp": 27.170764648437498
    },
    "A_0.75_1_6e-09_32_32_1_16_32_2048": {
        "e": 0.0050910021900806325,
        "a": 0.1548716691136,
        "l": 8.931e-05,
        "a_tpm": 1.1696034014892445,
        "a_tpw": 1.265101555654976,
        "u": 100.0,
        "au": 15.487166911360001,
        "m_tpm": 1.4105441917404242,
        "m_tpw": 2.4002126012313663,
        "tp": 18.11384309895833
    },
    "A_0.8_1_4e-09_32_32_1_16_32_2048": {
        "e": 0.005233785175631913,
        "a": 0.15456442815359997,
        "l": 5.9539999999999996e-05,
        "a_tpm": 1.7578924836079535,
        "a_tpw": 1.3001815802661822,
        "u": 100.0,
        "au": 15.456442815359997,
        "m_tpm": 2.120022076970806,
        "m_tpw": 2.520776034413554,
        "tp": 27.170764648437498
    },
    "A_0.6_1_2e-09_32_32_1_16_32_2048": {
        "e": 0.005006866342400793,
        "a": 0.15771361727359998,
        "l": 2.9769999999999998e-05,
        "a_tpm": 3.445582584197778,
        "a_tpw": 0.8804853467337332,
        "u": 100.0,
        "au": 15.771361727359997,
        "m_tpm": 4.155379930593361,
        "m_tpw": 1.5563307050850428,
        "tp": 54.341529296874995
    },
    "A_0.75_1_2e-09_32_32_1_16_32_2048": {
        "e": 0.0050910021900806325,
        "a": 0.1548716691136,
        "l": 2.9769999999999998e-05,
        "a_tpm": 3.508810204467732,
        "a_tpw": 1.265101555654976,
        "u": 100.0,
        "au": 15.487166911360001,
        "m_tpm": 4.231632575221271,
        "m_tpw": 2.4002126012313663,
        "tp": 54.341529296874995
    },
    "A_0.65_1_1e-08_32_32_1_16_32_2048": {
        "e": 0.004931924252057052,
        "a": 0.1561006124736,
        "l": 0.00014885,
        "a_tpm": 0.696237233611948,
        "a_tpw": 1.0776482786219241,
        "u": 100.0,
        "au": 15.61006124736,
        "m_tpm": 0.8396635857028885,
        "m_tpw": 1.9677849982368645,
        "tp": 10.868305859375
    },
    "A_0.8_1_1e-08_32_32_1_16_32_2048": {
        "e": 0.005233785175631913,
        "a": 0.15456442815359997,
        "l": 0.00014885,
        "a_tpm": 0.7031569934431816,
        "a_tpw": 1.3001815802661822,
        "u": 100.0,
        "au": 15.456442815359997,
        "m_tpm": 0.8480088307883226,
        "m_tpw": 2.520776034413554,
        "tp": 10.868305859375
    },
    "A_0.6_1_4e-09_32_32_1_16_32_2048": {
        "e": 0.005006866342400793,
        "a": 0.15771361727359998,
        "l": 5.9539999999999996e-05,
        "a_tpm": 1.722791292098889,
        "a_tpw": 0.8804853467337332,
        "u": 100.0,
        "au": 15.771361727359997,
        "m_tpm": 2.0776899652966807,
        "m_tpw": 1.5563307050850428,
        "tp": 27.170764648437498
    },
    "A_0.55_1_8e-09_32_32_1_16_32_2048": {
        "e": 0.005398526027154884,
        "a": 0.16178451903359997,
        "l": 0.00011907999999999999,
        "a_tpm": 0.8397207844959065,
        "a_tpw": 0.6079424643626558,
        "u": 100.0,
        "au": 16.178451903359996,
        "m_tpm": 1.0127050534790236,
        "m_tpw": 1.0261943917573442,
        "tp": 13.585382324218749
    },
    "A_0.85_1_4e-09_32_32_1_16_32_2048": {
        "e": 0.005403823076689058,
        "a": 0.1543339974336,
        "l": 5.9539999999999996e-05,
        "a_tpm": 1.7605171316920845,
        "a_tpw": 1.3017250647471605,
        "u": 100.0,
        "au": 15.433399743359999,
        "m_tpm": 2.123187408146929,
        "m_tpw": 2.5499712771235346,
        "tp": 27.170764648437498
    },
    "A_0.85_1_1e-09_32_32_1_16_32_2048": {
        "e": 0.005403823076689058,
        "a": 0.1543339974336,
        "l": 1.4884999999999999e-05,
        "a_tpm": 7.042068526768338,
        "a_tpw": 1.3017250647471605,
        "u": 100.0,
        "au": 15.433399743359999,
        "m_tpm": 8.492749632587715,
        "m_tpw": 2.5499712771235346,
        "tp": 108.68305859374999
    },
    "A_0.65_1_1e-09_32_32_1_16_32_2048": {
        "e": 0.004931912426061276,
        "a": 0.1561006124736,
        "l": 1.4884999999999999e-05,
        "a_tpm": 6.962372336119479,
        "a_tpw": 1.0776618623889458,
        "u": 100.0,
        "au": 15.61006124736,
        "m_tpm": 8.396635857028883,
        "m_tpw": 1.9678841309823676,