{
    "A_0.75_8_8e-09_64_32_16_64_128_131072": {
        "e": 0.0008281579732865517,
        "a": 35.40869645101312,
        "l": 7.200000000000001e-08,
        "a_tpm": 5.3148497081884365,
        "a_tpw": 1.7623403016253212,
        "u": 55.7,
        "au": 1972.264392321431,
        "m_tpm": 10.556755753975368,
        "m_tpw": 1.9099757821182746,
        "tp": 18819.190000000002
    },
    "A_0.65_8_2e-09_64_32_16_64_128_131072": {
        "e": 0.0008181393737060845,
        "a": 35.40869645101312,
        "l": 1.8000000000000002e-08,
        "a_tpm": 21.259398832753746,
        "a_tpw": 1.7842830619072458,
        "u": 55.7,
        "au": 1972.264392321431,
        "m_tpm": 42.22702301590147,
        "m_tpw": 1.9352596505360762,
        "tp": 75276.76000000001
    },
    "A_0.7_8_4e-09_64_32_16_64_128_131072": {
        "e": 0.0008229602874397164,
        "a": 35.40869645101312,
        "l": 3.6000000000000005e-08,
        "a_tpm": 10.629699416376873,
        "a_tpw": 1.7736492985951675,
        "u": 55.7,
        "au": 1972.264392321431,
        "m_tpm": 21.113511507950737,
        "m_tpw": 1.92314982524876,
        "tp": 37638.380000000005
    },
    "A_0.5_8_8e-09_64_32_16_64_128_131072": {
        "e": 0.0008057683282973165,
        "a": 35.40869645101312,
        "l": 7.200000000000001e-08,
        "a_tpm": 5.3148497081884365,
        "a_tpw": 1.8121054514785204,
        "u": 55.7,
        "au": 1972.264392321431,
        "m_tpm": 10.556755753975368,
        "m_tpw": 1.9670586600182387,
        "tp": 18819.190000000002
    },
    "A_0.85_8_1e-08_64_32_16_64_128_131072": {
        "e": 0.0008396611951727086,
        "a": 35.40869645101312,
        "l": 8.999999999999999e-08,
        "a_tpm": 4.251879766550748,
        "a_tpw": 1.7378804269653811,
        "u": 55.7,
        "au": 1972.264392321431,
        "m_tpm": 8.445404603180295,
        "m_tpw": 1.8823368974654644,
        "tp": 15055.351999999999
    },
    "A_0.55_8_4e-09_64_32_16_64_128_131072": {
        "e": 0.0008095265716408811,
        "a": 35.40869645101312,
        "l": 3.6000000000000005e-08,
        "a_tpm": 10.629699416376873,
        "a_tpw": 1.8035660917414222,
        "u": 55.7,
        "au": 1972.264392321431,
        "m_tpm": 21.113511507950737,
        "m_tpw": 1.9572910940937789,
        "tp": 37638.380000000005
    },
    "A_0.65_8_8e-09_64_32_16_64_128_131072": {
        "e": 0.0008181393737060845,
        "a": 35.40869645101312,
        "l": 7.200000000000001e-08,
        "a_tpm": 5.3148497081884365,
        "a_tpw": 1.7842830619072456,
        "u": 55.7,
        "au": 1972.264392321431,
        "m_tpm": 10.556755753975368,
        "m_tpw": 1.935259650536076,
        "tp": 18819.190000000002
    },
    "A_0.75_8_6e-09_64_32_16_64_128_131072": {
        "e": 0.0008281579732865517,
        "a": 35.40869645101312,
        "l": 5.4e-08,
        "a_tpm": 7.086466277584582,
        "a_tpw": 1.7623403016253212,
        "u": 55.7,
        "au": 1972.264392321431,
        "m_tpm": 14.075674338633824,
        "m_tpw": 1.9099757821182746,
        "tp": 25092.253333333338
    },
    "A_0.85_8_8e-09_64_32_16_64_128_131072": {
        "e": 0.0008396611951727086,
        "a": 35.40869645101312,
        "l": 7.200000000000001e-08,
        "a_tpm": 5.3148497081884365,
        "a_tpw": 1.7378804269653814,
        "u": 55.7,
        "au": 1972.264392321431,
        "m_tpm": 10.556755753975368,
        "m_tpw": 1.8823368974654646,
        "tp": 18819.190000000002
    },
    "A_0.5_8_4e-09_64_32_16_64_128_131072": {
        "e": 0.0008057683282973163,
        "a": 35.40869645101312,
        "l": 3.6000000000000005e-08,
        "a_tpm": 10.629699416376873,
        "a_tpw": 1.8121054514785209,
        "u": 55.7,
        "au": 1972.264392321431,
        "m_tpm": 21.113511507950737,
        "m_tpw": 1.9670586600182391,
        "tp": 37638.380000000005
    },
    "A_0.55_8_1e-08_64_32_16_64_128_131072": {
        "e": 0.0008095265716408812,
        "a": 35.40869645101312,
        "l": 8.999999999999999e-08,
        "a_tpm": 4.251879766550748,
        "a_tpw": 1.8035660917414216,
        "u": 55.7,
        "au": 1972.264392321431,
        "m_tpm": 8.445404603180295,
        "m_tpw": 1.9572910940937782,
        "tp": 15055.351999999999
    },
    "A_0.75_8_2e-09_64_32_16_64_128_131072": {
        "e": 0.0008281579732865516,
        "a": 35.40869645101312,
        "l": 1.8000000000000002e-08,
        "a_tpm": 21.259398832753746,
        "a_tpw": 1.7623403016253214,
        "u": 55.7,
        "au": 1972.264392321431,
        "m_tpm": 42.22702301590147,
        "m_tpw": 1.909975782118275,
        "tp": 75276.76000000001
    },
    "A_0.8_8_4e-09_64_32_16_64_128_131072": {
        "e": 0.0008337221965746668,
        "a": 35.40869645101312,
        "l": 3.6000000000000005e-08,
        "a_tpm": 10.629699416376873,
        "a_tpw": 1.750275648212253,
        "u": 55.7,
        "au": 1972.264392321431,
        "m_tpm": 21.113511507950737,
        "m_tpw": 1.896051020214998,
        "tp": 37638.380000000005
    },
    "A_0.55_8_8e-09_64_32_16_64_128_131072": {
        "e": 0.0008095265716408812,
        "a": 35.40869645101312,
        "l": 7.200000000000001e-08,
        "a_tpm": 5.3148497081884365,
        "a_tpw": 1.8035660917414218,
        "u": 55.7,
        "au": 1972.264392321431,
        "m_tpm": 10.556755753975368,
        "m_tpw": 1.9572910940937782,
        "tp": 18819.190000000002
    },
    "A_0.85_8_2e-09_64_32_16_64_128_131072": {
        "e": 0.0008396611951727084,
        "a": 35.40869645101312,
        "l": 1.8000000000000002e-08,
        "a_tpm": 21.259398832753746,
        "a_tpw": 1.7378804269653818,
        "u": 55.7,
        "au": 1972.264392321431,
        "m_tpm": 42.22702301590147,
        "m_tpw": 1.882336897465465,
        "tp": 75276.76000000001
    },
    "A_0.65_8_4e-09_64_32_16_64_128_131072": {
        "e": 0.0008181393737060845,
        "a": 35.40869645101312,
        "l": 3.6000000000000005e-08,
        "a_tpm": 10.629699416376873,
        "a_tpw": 1.7842830619072458,
        "u": 55.7,
        "au": 1972.264392321431,
        "m_tpm": 21.113511507950737,
        "m_tpw": 1.9352596505360762,
        "tp": 37638.380000000005
    },
    "A_0.65_8_6e-09_64_32_16_64_128_131072": {
        "e": 0.0008181393737060845,
        "a": 35.40869645101312,
        "l": 5.4e-08,
        "a_tpm": 7.086466277584582,
        "a_tpw": 1.7842830619072456,
        "u": 55.7,
        "au": 1972.264392321431,
        "m_tpm": 14.075674338633824,
        "m_tpw": 1.9352596505360762,
        "tp": 25092.253333333338
    },
    "A_0.75_8_1e-08_64_32_16_64_128_131072": {
        "e": 0.0008281579732865519,
        "a": 35.40869645101312,
        "l": 8.999999999999999e-08,
        "a_tpm": 4.251879766550748,
        "a_tpw": 1.7623403016253205,
        "u": 55.7,
        "au": 1972.264392321431,
        "m_tpm": 8.445404603180295,
        "m_tpw": 1.9099757821182741,
        "tp": 15055.351999999999
    },
    "A_0.7_8_2e-09_64_32_16_64_128_131072": {
        "e": 0.0008229602874397164,
        "a": 35.40869645101312,
        "l": 1.8000000000000002e-08,
        "a_tpm": 21.259398832753746,
        "a_tpw": 1.7736492985951675,
        "u": 55.7,
        "au": 1972.264392321431,
        "m_tpm": 42.22702301590147,
        "m_tpw": 1.92314982524876,
        "tp": 75276.76000000001
    },
    "A_0.55_8_6e-09_64_32_16_64_128_131072": {
        "e": 0.0008095265716408811,
        "a": 35.40869645101312,
        "l": 5.4e-08,
        "a_tpm": 7.086466277584582,
        "a_tpw": 1.803566091741422,
        "u": 55.7,
        "au": 1972.264392321431,
        "m_tpm": 14.075674338633824,
        "m_tpw": 1.9572910940937789,
        "tp": 25092.253333333338
    },
    "A_0.6_8_2e-09_64_32_16_64_128_131072": {
        "e": 0.0008136493357339115,
        "a": 35.40869645101312,
        "l": 1.8000000000000002e-08,
        "a_tpm": 21.259398832753746,
        "a_tpw": 1.7942821714868133,
        "u": 55.7,