{
    "A_0.7_8_4e-09_512_128_8_16_32_16384": {
        "e": 0.0005920318639304219,
        "a": 4.5901543566131195,
        "l": 1.9680000000000017e-06,
        "a_tpm": 3.111394277934026,
        "a_tpw": 1.0434624647248965,
        "u": 5.5,
        "au": 25.245848961372158,
        "m_tpm": 16.068897529281223,
        "m_tpw": 2.1272013300419914,
        "tp": 1428.1779999999994
    }
}