{
    "A_0.7_8_4e-09_256_256_8_16_32_16384": {
        "e": 0.0007038778248704829,
        "a": 8.759426825093119,
        "l": 1.9680000000000017e-06,
        "a_tpm": 1.6304468642956187,
        "a_tpw": 1.0173160927745861,
        "u": 5.5,
        "au": 48.176847538012154,
        "m_tpm": 8.420496166336305,
        "m_tpw": 2.1341803217783917,
        "tp": 1428.1779999999994
    },
    "A_0.7_8_4e-09_512_512_8_16_32_16384": {
        "e": 0.0009368454562176064,
        "a": 17.66356851253248,
        "l": 1.9680000000000017e-06,
        "a_tpm": 0.80854443369509,
        "a_tpw": 0.9700029119511577,
        "u": 1.37,
        "au": 24.199088862169496,
        "m_tpm": 4.175754177173625,
        "m_tpw": 2.14567226486865,
        "tp": 1428.1779999999994
    },
    "A_0.7_8_4e-09_256_512_8_16_32_16384": {
        "e": 0.0009331877453286628,
        "a": 17.34306504986624,
        "l": 1.9680000000000017e-06,
        "a_tpm": 0.8234865036218124,
        "a_tpw": 0.9695521819236408,
        "u": 2.75,
        "au": 47.69342888713216,
        "m_tpm": 4.252922986099788,
        "m_tpw": 2.1461756454872205,
        "tp": 1428.1779999999994
    },
    "A_0.7_8_4e-09_512_256_8_16_32_16384": {
        "e": 0.0007075905460906241,
        "a": 8.947988892426238,
        "l": 1.9680000000000017e-06,
        "a_tpm": 1.596088257562366,
        "a_tpw": 1.017482791102803,
        "u": 2.75,
        "au": 24.606969454172155,
        "m_tpm": 8.243050017913063,
        "m_tpw": 2.133682551734121,
        "tp": 1428.1779999999994
    },
    "A_0.7_8_4e-09_512_128_8_16_32_16384": {
        "e": 0.0005920318639304219,
        "a": 4.5901543566131195,
        "l": 1.9680000000000017e-06,
        "a_tpm": 3.111394277934026,
        "a_tpw": 1.0434624647248965,
        "u": 5.5,
        "au": 25.245848961372158,
        "m_tpm": 16.068897529281223,
        "m_tpw": 2.1272013300419914,
        "tp": 1428.1779999999994
    },
    "A_0.7_8_4e-09_128_512_8_16_32_16384": {
        "e": 0.0009315900773479242,
        "a": 17.182768920453118,
        "l": 1.9680000000000017e-06,
        "a_tpm": 0.8311687171093833,
        "a_tpw": 0.9669628569284645,
        "u": 5.5,
        "au": 94.50522906249215,
        "m_tpm": 4.29259802895929,
        "m_tpw": 2.145693479893238,
        "tp": 1428.1779999999994
    }
}