{
    "A_0.75_1_1e-09_512_32_8_8_8_65536": {
        "e": 0.025470217678519008,
        "a": 0.5912269797376,
        "l": 2.7558000000000006e-05,
        "a_tpm": 21.68020141044457,
        "a_tpw": 1.5030316827809185,
        "u": 100.0,
        "au": 59.12269797376,
        "m_tpm": 35.47118233560255,
        "m_tpw": 2.4551088261358704,
        "tp": 1281.7919999999997
    },
    "A_0.6_1_8e-09_16_64_1_16_128_524288": {
        "e": 0.0254407893415423,
        "a": 3.5480601482944,
        "l": 0.0006448640000000002,
        "a_tpm": 0.14726244133765728,
        "a_tpw": 1.4119389445038855,
        "u": 100.0,
        "au": 354.80601482943996,
        "m_tpm": 0.1847093827637168,
        "m_tpw": 2.319649445371446,
        "tp": 52.24959994506836
    }
}