{
    "A_0.85_8_1e-08_256_64_32_64_128_131072": {
        "e": 0.002264788539937915,
        "a": 143.6415919499699,
        "l": 2.1000000000000008e-07,
        "a_tpm": 1.2027776047270275,
        "a_tpw": 1.5490831596494243,
        "u": 2.75,
        "au": 395.0143778624172,
        "m_tpm": 1.64317243213378,
        "m_tpw": 1.9695778687264063,
        "tp": 17276.888990476196
    },
    "A_0.85_8_1e-08_512_64_32_64_128_131072": {
        "e": 0.0022563508391551957,
        "a": 149.30294214729983,
        "l": 2.1000000000000008e-07,
        "a_tpm": 1.157170029069561,
        "a_tpw": 1.5552213094102318,
        "u": 1.37,
        "au": 204.5450307418008,
        "m_tpm": 1.5808657257881682,
        "m_tpw": 1.9791779083971863,
        "tp": 17276.888990476196
    },
    "A_0.85_8_1e-08_32_64_32_64_128_131072": {
        "e": 0.0022790028941852684,
        "a": 138.17080581562624,
        "l": 2.1000000000000008e-07,
        "a_tpm": 1.2504008273303628,
        "a_tpw": 1.5365673857483428,
        "u": 21.98,
        "au": 3036.9943118274646,
        "m_tpm": 1.7082328108801315,
        "m_tpw": 1.9199388568591875,
        "tp": 17276.888990476196
    },
    "A_0.85_8_1e-08_64_32_32_64_128_131072": {
        "e": 0.0022988273425055754,
        "a": 70.11510390202623,
        "l": 2.1000000000000008e-07,
        "a_tpm": 2.464075217604706,
        "a_tpw": 1.524415455940574,
        "u": 21.98,
        "au": 1541.1299837665367,
        "m_tpm": 3.366291866725439,
        "m_tpw": 1.9006111148954383,
        "tp": 17276.888990476196
    },
    "A_0.85_8_1e-08_256_512_32_64_128_131072": {
        "e": 0.002595138356830537,
        "a": 1104.8826635194393,
        "l": 2.1000000000000008e-07,
        "a_tpm": 0.1563685408497879,
        "a_tpw": 1.431186842139225,
        "u": 0.34,
        "au": 375.6601055966094,
        "m_tpm": 0.21362259703502656,
        "m_tpw": 2.0166567457910274,
        "tp": 17276.888990476196
    },
    "A_0.85_8_1e-08_32_32_32_64_128_131072": {
        "e": 0.002323866051957229,
        "a": 69.02434616877312,
        "l": 2.1000000000000008e-07,
        "a_tpm": 2.5030137841845024,
        "a_tpw": 1.509882575453335,
        "u": 43.96,
        "au": 3034.3102575792664,
        "m_tpm": 3.419487718476643,
        "m_tpw": 1.8860386067576296,
        "tp": 17276.888990476196
    },
    "A_0.85_8_1e-08_512_256_32_64_128_131072": {
        "e": 0.0024093499635835874,
        "a": 567.5977894432793,
        "l": 2.1000000000000008e-07,
        "a_tpm": 0.304386121859671,
        "a_tpw": 1.5025151388345785,
        "u": 0.34,
        "au": 192.983248410715,
        "m_tpm": 0.41583654550787597,
        "m_tpw": 2.004306983120977,
        "tp": 17276.888990476196
    },
    "A_0.85_8_1e-08_512_128_32_64_128_131072": {
        "e": 0.0022953210920650673,
        "a": 288.73489875443966,
        "l": 2.1000000000000008e-07,
        "a_tpm": 0.5983651115610265,
        "a_tpw": 1.5439939941125314,
        "u": 0.69,
        "au": 199.22708014056334,
        "m_tpm": 0.8174554063890096,
        "m_tpw": 1.9883698497721358,
        "tp": 17276.888990476196
    },
    "A_0.85_8_1e-08_64_64_32_64_128_131072": {
        "e": 0.0022786627662669426,
        "a": 139.39350494421248,
        "l": 2.1000000000000008e-07,
        "a_tpm": 1.2394328557410672,
        "a_tpw": 1.5393865719737931,
        "u": 10.99,
        "au": 1531.9346193368951,
        "m_tpm": 1.6932489364871208,
        "m_tpw": 1.9387203081107365,
        "tp": 17276.888990476196
    },
    "A_0.85_8_1e-08_128_32_32_64_128_131072": {
        "e": 0.0022879504874812216,
        "a": 71.26759357653248,
        "l": 2.1000000000000008e-07,
        "a_tpm": 2.424227916707048,
        "a_tpw": 1.5314432285589967,
        "u": 10.99,
        "au": 783.2308534060919,
        "m_tpm": 3.311854549242435,
        "m_tpw": 1.92442224225674,
        "tp": 17276.888990476196
    },
    "A_0.85_8_1e-08_128_64_32_64_128_131072": {
        "e": 0.002290927652665557,
        "a": 140.80987740938497,
        "l": 2.1000000000000008e-07,
        "a_tpm": 1.2269657007260977,
        "a_tpw": 1.5356355861128153,
        "u": 5.5,
        "au": 774.4543257516173,
        "m_tpm": 1.6762169553900115,
        "m_tpw": 1.9421779141866862,
        "tp": 17276.888990476196
    },
    "A_0.85_8_1e-08_256_256_32_64_128_131072": {
        "e": 0.0023771458249739474,
        "a": 555.6032522699596,
        "l": 2.1000000000000008e-07,
        "a_tpm": 0.3109573048733991,
        "a_tpw": 1.5124622110332484,
        "u": 0.69,
        "au": 383.3662440662721,
        "m_tpm": 0.4248137552033577,
        "m_tpw": 1.9918434488810741,
        "tp": 17276.888990476196
    },
    "A_0.85_8_1e-08_512_512_32_64_128_131072": {
        "e": 0.0026678749950650627,
        "a": 1125.3214499940786,
        "l": 2.1000000000000008e-07,
        "a_tpm": 0.15352847837892983,
        "a_tpw": 1.4143494733186475,
        "u": 0.17,
        "au": 191.30464649899338,
        "m_tpm": 0.20974265086766275,
        "m_tpw": 2.01713786146465,
        "tp": 17276.888990476196
    },
    "A_0.85_8_1e-08_128_256_32_64_128_131072": {
        "e": 0.0024082785726292307,
        "a": 549.6049442413798,
        "l": 2.1000000000000008e-07,
        "a_tpm": 0.3143510474477898,
        "a_tpw": 1.503070756781204,
        "u": 1.37,
        "au": 752.9587736106904,
        "m_tpm": 0.4294501104348498,
        "m_tpw": 1.9899723225097514,
        "tp": 17276.888990476196
    },
    "A_0.85_8_1e-08_64_128_32_64_128_131072": {
        "e": 0.0023064730281810333,
        "a": 275.1311024820249,
        "l": 2.1000000000000008e-07,
        "a_tpm": 0.6279511416418266,
        "a_tpw": 1.5344375852876146,
        "u": 5.5,
        "au": 1513.221063651137,
        "m_tpm": 0.8578743074510101,
        "m_tpw": 1.9636008103230733,
        "tp": 17276.888990476196
    },
    "A_0.85_8_1e-08_64_512_32_64_128_131072": {
        "e": 0.0026204913531669735,
        "a": 1089.5514993056997,
        "l": 2.1000000000000008e-07,
        "a_tpm": 0.15856881479659868,
        "a_tpw": 1.4243257035656518,
        "u": 1.37,
        "au": 1492.6855540488089,
        "m_tpm": 0.2166284972765447,
        "m_tpw": 2.000722180678337,
        "tp": 17276.888990476196
    },
    "A_0.85_8_1e-08_64_256_32_64_128_131072": {
        "e": 0.002398092437865105,
        "a": 546.6052750322099,
        "l": 2.1000000000000008e-07,
        "a_tpm": 0.3160761481758132,
        "a_tpw": 1.5033882303360244,
        "u": 2.75,
        "au": 1503.1645063385772,
        "m_tpm": 0.43180685364972293,
        "m_tpw": 1.9778681303101797,
        "tp": 17276.888990476196
    },
    "A_0.85_8_1e-08_512_32_32_64_128_131072": {
        "e": 0.002295197600120308,
        "a": 78.1773615704499,
        "l": 2.1000000000000008e-07,
        "a_tpm": 2.20996061307429,
        "a_tpw": 1.5326441815686564,
        "u": 2.75,
        "au": 214.98774431873724,
        "m_tpm": 3.0191336629761074,
        "m_tpw": 1.9496205570487048,
        "tp": 17276.888990476196
    },
    "A_0.85_8_1e-08_128_128_32_64_128_131072": {
        "e": 0.0023114098508247864,
        "a": 277.0752405285299,
        "l": 2.1000000000000008e-07,
        "a_tpm": 0.6235450326604415,
        "a_tpw": 1.5366236315677686,
        "u": 2.75,
        "au": 761.9569114534572,
        "m_tpm": 0.8518549096980634,
        "m_tpw": 1.976317080944888,
        "tp": 17276.888990476196
    },
    "A_0.85_8_1e-08_32_128_32_64_128_131072": {
        "e": 0.0023015165619968423,
        "a": 273.64452056277247,
        "l": 2.1000000000000008e-07,
        "a_tpm": 0.631362504717611,
        "a_tpw": 1.5335533195970172,
        "u": 10.99,
        "au": 3007.3532809848693,
        "m_tpm": 0.862534734898361,
        "m_tpw": 1.9463032072585573,
        "tp": 17276.888990476196
    },
    "A_0.85_8_1e-08_256_32_32_64_128_131072": {
        "e": 0.0022869346251419157,
        "a": 73.57154253578496,