{
    "A_0.75_1_1e-09_32_32_1_16_32_2048": {
        "e": 0.0006899891186296424,
        "a": 0.1548716691136,
        "l": 8.441e-06,
        "a_tpm": 4.069530622400027,
        "a_tpw": 0.871160875738368,
        "u": 97.66,
        "au": 15.124767205634177,
        "m_tpm": 8.264907373479048,
        "m_tpw": 2.15850693485108,
        "tp": 63.025500000000015
    },
    "A_0.65_1_2e-09_32_32_1_16_32_2048": {
        "e": 0.0007105616553132032,
        "a": 0.1561006124736,
        "l": 1.6882e-05,
        "a_tpm": 2.0187460830962136,
        "a_tpw": 0.7811572693979884,
        "u": 97.66,
        "au": 15.244785814171776,
        "m_tpm": 4.099919852064885,
        "m_tpw": 2.0374765282703944,
        "tp": 31.512750000000008
    },
    "A_0.7_1_8e-09_32_32_1_16_32_2048": {
        "e": 0.0006914217553071308,
        "a": 0.1553325203136,
        "l": 6.7528e-05,
        "a_tpm": 0.507182107397393,
        "a_tpw": 0.8432253628901063,
        "u": 97.66,
        "au": 15.169773933826177,
        "m_tpm": 1.030048309761387,
        "m_tpw": 2.1166350582497966,
        "tp": 7.878187500000002
    },
    "A_0.5_1_1e-08_32_32_1_16_32_2048": {
        "e": 0.0016904542542869301,
        "a": 0.1798348025536,
        "l": 8.441000000000003e-05,
        "a_tpm": 0.3504633091318083,
        "a_tpw": 0.2233908246656999,
        "u": 97.66,
        "au": 17.562666817384574,
        "m_tpm": 0.711764342510118,
        "m_tpw": 0.65807206994727,
        "tp": 6.30255
    },
    "A_0.85_1_8e-09_32_32_1_16_32_2048": {
        "e": 0.0007128796430511308,
        "a": 0.1543339974336,
        "l": 6.7528e-05,
        "a_tpm": 0.5104635162054608,
        "a_tpw": 0.8659159218833266,
        "u": 97.66,
        "au": 15.072258189365375,
        "m_tpm": 1.036712601634243,
        "m_tpw": 2.1948923975951002,
        "tp": 7.878187500000002
    },
    "A_0.55_1_2e-09_32_32_1_16_32_2048": {
        "e": 0.000937307814939525,
        "a": 0.16178451903359997,
        "l": 1.6882e-05,
        "a_tpm": 1.9478223372815606,
        "a_tpw": 0.4809064182032033,
        "u": 97.66,
        "au": 15.799876128821372,
        "m_tpm": 3.9558791151524364,
        "m_tpw": 1.3767975468772031,
        "tp": 31.512750000000008
    },
    "A_0.65_1_4e-09_32_32_1_16_32_2048": {
        "e": 0.0007105616553132032,
        "a": 0.1561006124736,
        "l": 3.3764e-05,
        "a_tpm": 1.0093730415481068,
        "a_tpw": 0.7811572693979884,
        "u": 97.66,
        "au": 15.244785814171776,
        "m_tpm": 2.0499599260324426,
        "m_tpw": 2.0374765282703944,
        "tp": 15.756375000000004
    },
    "A_0.75_1_8e-09_32_32_1_16_32_2048": {
        "e": 0.0006899891841656424,
        "a": 0.1548716691136,
        "l": 6.7528e-05,
        "a_tpm": 0.5086913278000034,
        "a_tpw": 0.871160875467753,
        "u": 97.66,
        "au": 15.124767205634177,
        "m_tpm": 1.033113421684881,
        "m_tpw": 2.15850693485108,
        "tp": 7.878187500000002
    },
    "A_0.85_1_1e-08_32_32_1_16_32_2048": {
        "e": 0.0007128796430511308,
        "a": 0.1543339974336,
        "l": 8.441000000000003e-05,
        "a_tpm": 0.4083708129643685,
        "a_tpw": 0.8659159218833266,
        "u": 97.66,
        "au": 15.072258189365375,
        "m_tpm": 0.8293700813073943,
        "m_tpw": 2.1948923975951002,
        "tp": 6.30255
    },
    "A_0.5_1_4e-09_32_32_1_16_32_2048": {
        "e": 0.00169043492116693,
        "a": 0.1798348025536,
        "l": 3.3764e-05,
        "a_tpm": 0.8761582728295203,
        "a_tpw": 0.223397022995718,
        "u": 97.66,
        "au": 17.562666817384574,
        "m_tpm": 1.779410856275295,
        "m_tpw": 0.65807206994727,
        "tp": 15.756375000000004
    },
    "A_0.75_1_6e-09_32_32_1_16_32_2048": {
        "e": 0.0006899891841656424,
        "a": 0.1548716691136,
        "l": 5.064599999999999e-05,
        "a_tpm": 0.6782551037333385,
        "a_tpw": 0.871160875467753,
        "u": 97.66,
        "au": 15.124767205634177,
        "m_tpm": 1.3774845622465082,
        "m_tpw": 2.15850693485108,
        "tp": 10.504250000000004
    },
    "A_0.8_1_4e-09_32_32_1_16_32_2048": {
        "e": 0.0006976307104967883,
        "a": 0.15456442815359997,
        "l": 3.3764e-05,
        "a_tpm": 1.0194049942941554,
        "a_tpw": 0.8777827545027067,
        "u": 97.66,
        "au": 15.094762053480572,
        "m_tpm": 2.070334059541803,
        "m_tpw": 2.20262764667738,
        "tp": 15.756375000000004
    },
    "A_0.6_1_2e-09_32_32_1_16_32_2048": {
        "e": 0.000769574422802596,
        "a": 0.15771361727359998,
        "l": 1.6882e-05,
        "a_tpm": 1.998099501156708,
        "a_tpw": 0.6643932151690023,
        "u": 97.66,
        "au": 15.402311862939774,
        "m_tpm": 4.057988213470081,
        "m_tpw": 1.8166069850718505,
        "tp": 31.512750000000008
    },
    "A_0.75_1_2e-09_32_32_1_16_32_2048": {
        "e": 0.0006899891186296424,
        "a": 0.1548716691136,
        "l": 1.6882e-05,
        "a_tpm": 2.0347653112000135,
        "a_tpw": 0.871160875738368,
        "u": 97.66,
        "au": 15.124767205634177,
        "m_tpm": 4.132453686739524,
        "m_tpw": 2.15850693485108,
        "tp": 31.512750000000008
    },
    "A_0.65_1_1e-08_32_32_1_16_32_2048": {
        "e": 0.0007105617208492032,
        "a": 0.1561006124736,
        "l": 8.441000000000003e-05,
        "a_tpm": 0.40374921661924273,
        "a_tpw": 0.78115726909193,
        "u": 97.66,
        "au": 15.244785814171776,
        "m_tpm": 0.819983970412977,
        "m_tpw": 2.0374765282703944,
        "tp": 6.30255
    },
    "A_0.8_1_1e-08_32_32_1_16_32_2048": {
        "e": 0.0006976307760327884,
        "a": 0.15456442815359997,
        "l": 8.441000000000003e-05,
        "a_tpm": 0.40776199771766203,
        "a_tpw": 0.8777827542501395,
        "u": 97.66,
        "au": 15.094762053480572,
        "m_tpm": 0.8281336238167213,
        "m_tpw": 2.20262764667738,
        "tp": 6.30255
    },
    "A_0.6_1_4e-09_32_32_1_16_32_2048": {
        "e": 0.000769574422802596,
        "a": 0.15771361727359998,
        "l": 3.3764e-05,
        "a_tpm": 0.999049750578354,
        "a_tpw": 0.6643932151690023,
        "u": 97.66,
        "au": 15.402311862939774,
        "m_tpm": 2.0289941067350403,
        "m_tpw": 1.8166069850718505,
        "tp": 15.756375000000004
    },
    "A_0.55_1_8e-09_32_32_1_16_32_2048": {
        "e": 0.000937307880475525,
        "a": 0.16178451903359997,
        "l": 6.7528e-05,
        "a_tpm": 0.48695558432039016,
        "a_tpw": 0.48090641787705035,
        "u": 97.66,
        "au": 15.799876128821372,
        "m_tpm": 0.9889697787881091,
        "m_tpw": 1.3767975468772031,
        "tp": 7.878187500000002
    },
    "A_0.85_1_4e-09_32_32_1_16_32_2048": {
        "e": 0.0007128795775151309,
        "a": 0.1543339974336,
        "l": 3.3764e-05,
        "a_tpm": 1.0209270324109216,
        "a_tpw": 0.865915922118503,
        "u": 97.66,
        "au": 15.072258189365375,
        "m_tpm": 2.073425203268486,
        "m_tpw": 2.1948923975951002,
        "tp": 15.756375000000004
    },
    "A_0.85_1_1e-09_32_32_1_16_32_2048": {
        "e": 0.0007128795775151309,
        "a": 0.1543339974336,
        "l": 8.441e-06,
        "a_tpm": 4.083708129643687,
        "a_tpw": 0.865915922118503,
        "u": 97.66,
        "au": 15.072258189365375,
        "m_tpm": 8.293700813073944,
        "m_tpw": 2.1948923975951002,
        "tp": 63.025500000000015
    },
    "A_0.65_1_1e-09_32_32_1_16_32_2048": {
        "e": 0.0007105616553132032,
        "a": 0.1561006124736,
        "l": 8.441e-06,
        "a_tpm": 4.037492166192427,
        "a_tpw": 0.7811572693979884,
        "u": 97.66,
        "au": 15.244785814171776,
        "m_tpm": 8.19983970412977,
        "m_tpw": 2.0374765282703944,
        "tp": 63.025500000000015
    },
    "A_0.75_1_4e-09_32_32_1_16_32_2048": {
        "e": 0.0006899891186296424,
        "a": 0.1548716691136,