{
    "A_0.75_8_8e-09_512_128_4_32_32_8192": {
        "e": 0.0005138949324904881,
        "a": 4.5292078566131195,
        "l": 3.904000000000004e-06,
        "a_tpm": 1.5766977584332125,
        "a_tpw": 1.1444182854850002,
        "u": 5.5,
        "au": 24.910643211372157,
        "m_tpm": 8.14256293098853,
        "m_tpw": 2.4177770130295353,
        "tp": 714.1191874999997
    },
    "A_0.65_8_2e-09_512_128_4_32_32_8192": {
        "e": 0.0004786104923738932,
        "a": 4.5292078566131195,
        "l": 9.76000000000001e-07,
        "a_tpm": 6.30679103373285,
        "a_tpw": 1.1660105022665672,
        "u": 5.5,
        "au": 24.910643211372157,
        "m_tpm": 32.57025172395412,
        "m_tpw": 2.4510126878534555,
        "tp": 2856.476749999999
    },
    "A_0.7_8_4e-09_512_128_4_32_32_8192": {
        "e": 0.0004954473821171225,
        "a": 4.5292078566131195,
        "l": 1.952000000000002e-06,
        "a_tpm": 3.153395516866425,
        "a_tpw": 1.15536841518718,
        "u": 5.5,
        "au": 24.910643211372157,
        "m_tpm": 16.28512586197706,
        "m_tpw": 2.4348124734702834,
        "tp": 1428.2383749999995
    },
    "A_0.5_8_8e-09_512_128_4_32_32_8192": {
        "e": 0.00043521444006399345,
        "a": 4.5292078566131195,
        "l": 3.904000000000004e-06,
        "a_tpm": 1.5766977584332125,
        "a_tpw": 1.1961048289499252,
        "u": 5.5,
        "au": 24.910643211372157,
        "m_tpm": 8.14256293098853,
        "m_tpw": 2.4929495398294357,
        "tp": 714.1191874999997
    },
    "A_0.85_8_1e-08_512_128_4_32_32_8192": {
        "e": 0.0005538835605799938,
        "a": 4.5292078566131195,
        "l": 4.8799999999999965e-06,
        "a_tpm": 1.2613582067465694,
        "a_tpw": 1.1218565095208128,
        "u": 5.5,
        "au": 24.910643211372157,
        "m_tpm": 6.514050344790824,
        "m_tpw": 2.380776792995381,
        "tp": 571.2953500000002
    },
    "A_0.55_8_4e-09_512_128_4_32_32_8192": {
        "e": 0.00044840505414497103,
        "a": 4.5292078566131195,
        "l": 1.952000000000002e-06,
        "a_tpm": 3.153395516866425,
        "a_tpw": 1.1864431426691047,
        "u": 5.5,
        "au": 24.910643211372157,
        "m_tpm": 16.28512586197706,
        "m_tpw": 2.480124087155608,
        "tp": 1428.2383749999995
    },
    "A_0.65_8_8e-09_512_128_4_32_32_8192": {
        "e": 0.00047861049246236865,
        "a": 4.5292078566131195,
        "l": 3.904000000000004e-06,
        "a_tpm": 1.5766977584332125,
        "a_tpw": 1.1660104356531091,
        "u": 5.5,
        "au": 24.910643211372157,
        "m_tpm": 8.14256293098853,
        "m_tpw": 2.451012687853455,
        "tp": 714.1191874999997
    },
    "A_0.75_8_6e-09_512_128_4_32_32_8192": {
        "e": 0.000513894932490487,
        "a": 4.5292078566131195,
        "l": 2.9280000000000006e-06,
        "a_tpm": 2.10226367791095,
        "a_tpw": 1.1444182854850005,
        "u": 5.5,
        "au": 24.910643211372157,
        "m_tpm": 10.856750574651372,
        "m_tpw": 2.4177770130295357,
        "tp": 952.1589166666669
    },
    "A_0.85_8_8e-09_512_128_4_32_32_8192": {
        "e": 0.0005538835605799922,
        "a": 4.5292078566131195,
        "l": 3.904000000000004e-06,
        "a_tpm": 1.5766977584332125,
        "a_tpw": 1.121856509520813,
        "u": 5.5,
        "au": 24.910643211372157,
        "m_tpm": 8.14256293098853,
        "m_tpw": 2.380776792995381,
        "tp": 714.1191874999997
    },
    "A_0.5_8_4e-09_512_128_4_32_32_8192": {
        "e": 0.00043521444006399226,
        "a": 4.5292078566131195,
        "l": 1.952000000000002e-06,
        "a_tpm": 3.153395516866425,
        "a_tpw": 1.1961048289499254,
        "u": 5.5,
        "au": 24.910643211372157,
        "m_tpm": 16.28512586197706,
        "m_tpw": 2.4929495398294357,
        "tp": 1428.2383749999995
    },
    "A_0.55_8_1e-08_512_128_4_32_32_8192": {
        "e": 0.0004484050541449733,
        "a": 4.5292078566131195,
        "l": 4.8799999999999965e-06,
        "a_tpm": 1.2613582067465694,
        "a_tpw": 1.1864431426691038,
        "u": 5.5,
        "au": 24.910643211372157,
        "m_tpm": 6.514050344790824,
        "m_tpw": 2.4801240871556076,
        "tp": 571.2953500000002
    },
    "A_0.75_8_2e-09_512_128_4_32_32_8192": {
        "e": 0.0005138949324020124,
        "a": 4.5292078566131195,
        "l": 9.76000000000001e-07,
        "a_tpm": 6.30679103373285,
        "a_tpw": 1.144418351530496,
        "u": 5.5,
        "au": 24.910643211372157,
        "m_tpm": 32.57025172395412,
        "m_tpw": 2.4177770130295357,
        "tp": 2856.476749999999
    },
    "A_0.75_8_4e-09_512_128_4_32_32_8192": {
        "e": 0.0005138949324904863,
        "a": 4.5292078566131195,
        "l": 1.952000000000002e-06,
        "a_tpm": 3.153395516866425,
        "a_tpw": 1.1444182854850005,
        "u": 5.5,
        "au": 24.910643211372157,
        "m_tpm": 16.28512586197706,
        "m_tpw": 2.4177770130295357,
        "tp": 1428.2383749999995
    },
    "A_0.85_8_6e-09_512_128_4_32_32_8192": {
        "e": 0.0005538835605799911,
        "a": 4.5292078566131195,
        "l": 2.9280000000000006e-06,
        "a_tpm": 2.10226367791095,
        "a_tpw": 1.1218565095208133,
        "u": 5.5,
        "au": 24.910643211372157,
        "m_tpm": 10.856750574651372,
        "m_tpw": 2.3807767929953814,
        "tp": 952.1589166666669
    },
    "A_0.7_8_8e-09_512_128_4_32_32_8192": {
        "e": 0.0004954473821171243,
        "a": 4.5292078566131195,
        "l": 3.904000000000004e-06,
        "a_tpm": 1.5766977584332125,
        "a_tpw": 1.1553684151871797,
        "u": 5.5,
        "au": 24.910643211372157,
        "m_tpm": 8.14256293098853,
        "m_tpw": 2.4348124734702825,
        "tp": 714.1191874999997
    },
    "A_0.55_8_8e-09_512_128_4_32_32_8192": {
        "e": 0.00044840505414497233,
        "a": 4.5292078566131195,
        "l": 3.904000000000004e-06,
        "a_tpm": 1.5766977584332125,
        "a_tpw": 1.186443142669104,
        "u": 5.5,
        "au": 24.910643211372157,
        "m_tpm": 8.14256293098853,
        "m_tpw": 2.480124087155608,
        "tp": 714.1191874999997
    },
    "A_0.6_8_4e-09_512_128_4_32_32_8192": {
        "e": 0.00046281837496162765,
        "a": 4.5292078566131195,
        "l": 1.952000000000002e-06,
        "a_tpm": 3.153395516866425,
        "a_tpw": 1.1764067260735,
        "u": 5.5,
        "au": 24.910643211372157,
        "m_tpm": 16.28512586197706,
        "m_tpw": 2.4660264414851776,
        "tp": 1428.2383749999995
    },
    "A_0.5_8_2e-09_512_128_4_32_32_8192": {
        "e": 0.0004352144399755183,
        "a": 4.5292078566131195,
        "l": 9.76000000000001e-07,
        "a_tpm": 6.30679103373285,
        "a_tpw": 1.1961048962942018,
        "u": 5.5,
        "au": 24.910643211372157,
        "m_tpm": 32.57025172395412,
        "m_tpw": 2.4929495398294357,
        "tp": 2856.476749999999
    },
    "A_0.5_8_1e-09_512_128_4_32_32_8192": {
        "e": 0.00043521227237231826,
        "a": 4.5292078566131195,
        "l": 4.880000000000005e-07,
        "a_tpm": 12.6135820674657,
        "a_tpw": 1.1961066510543485,
        "u": 5.5,
        "au": 24.910643211372157,
        "m_tpm": 65.14050344790824,
        "m_tpw": 2.4929495398294357,
        "tp": 5712.953499999998
    },
    "A_0.55_8_2e-09_512_128_4_32_32_8192": {
        "e": 0.0004484050540564971,
        "a": 4.5292078566131195,
        "l": 9.76000000000001e-07,
        "a_tpm": 6.30679103373285,
        "a_tpw": 1.1864432097913853,
        "u": 5.5,
        "au": 24.910643211372157,
        "m_tpm": 32.57025172395412,
        "m_tpw": 2.480124087155608,
        "tp": 2856.476749999999
    },
    "A_0.75_8_1e-08_512_128_4_32_32_8192": {
        "e": 0.0005138949324904894,
        "a": 4.5292078566131195,
        "l": 4.8799999999999965e-06,
        "a_tpm": 1.2613582067465694,
        "a_tpw": 1.1444182854849998,
        "u": 5.5,