{
    "A_0.7_1_4e-09_256_32_1_16_8_4096": {
        "e": 0.0007341153878170084,
        "a": 0.0736902366272,
        "l": 8.370000000000007e-05,
        "a_tpm": 2.662650615508126,
        "a_tpw": 0.8099832372589534,
        "u": 97.66,
        "au": 7.1965885090123525,
        "m_tpm": 8.685004001788858,
        "m_tpw": 1.966992295684576,
        "tp": 19.621135391235352
    },
    "A_0.7_1_4e-09_256_32_8_8_32_131072": {
        "e": 0.0014449171808210122,
        "a": 1.4190003201152,
        "l": 7.800000000000007e-06,
        "a_tpm": 0.9293813971042196,
        "a_tpw": 0.34693967669789116,
        "u": 61.04,
        "au": 86.6157795398318,
        "m_tpm": 4.5102174462373785,
        "m_tpw": 0.9988876387255152,
        "tp": 131.87924999999998
    },
    "A_0.7_1_4e-09_256_32_1_4_4_16384": {
        "e": 0.0008578064961616662,
        "a": 0.1131269122384,
        "l": 0.0005914760000000002,
        "a_tpm": 0.2578692355444295,
        "a_tpw": 0.6721047014905132,
        "u": 97.66,
        "au": 11.047974249202143,
        "m_tpm": 0.7071703666003946,
        "m_tpw": 1.7620166717788643,
        "tp": 2.9171950378417977
    },
    "A_0.7_1_4e-09_256_32_1_8_8_131072": {
        "e": 0.0014141725842884679,
        "a": 0.7248005183136,
        "l": 0.00016298800000000003,
        "a_tpm": 0.1445060414486872,
        "a_tpw": 0.44646176797020726,
        "u": 97.66,
        "au": 70.78401861850618,
        "m_tpm": 0.44150078802999054,
        "m_tpw": 1.340433125040749,
        "tp": 10.473805374145508
    },
    "A_0.7_1_4e-09_256_32_2_8_32_65536": {
        "e": 0.0011901015331204762,
        "a": 0.5605958300288,
        "l": 2.2711999999999995e-05,
        "a_tpm": 1.0238384813761177,
        "a_tpw": 0.4467355854688535,
        "u": 81.38,
        "au": 45.62128864774374,
        "m_tpm": 3.805474846233742,
        "m_tpw": 1.4007824658791803,
        "tp": 57.39595832824707
    },
    "A_0.7_1_4e-09_256_32_16_8_64_32768": {
        "e": 0.0010417219692422756,
        "a": 3.0488659540608,
        "l": 5.5320000000000065e-06,
        "a_tpm": 0.47541980258902994,
        "a_tpw": 0.4898856636054855,
        "u": 15.26,
        "au": 46.525694458967806,
        "m_tpm": 2.0991411549188665,
        "m_tpw": 1.2261441396195618,
        "tp": 144.949125
    },
    "A_0.7_1_4e-09_256_32_32_8_16_16384": {
        "e": 0.0009917743678101915,
        "a": 1.5415141794303997,
        "l": 5.952000000000006e-06,
        "a_tpm": 0.9256418260954599,
        "a_tpw": 0.5179356196562575,
        "u": 30.52,
        "au": 47.0470127562158,
        "m_tpm": 4.151762004787296,
        "m_tpw": 1.2855849925950305,
        "tp": 142.689
    },
    "A_0.7_1_4e-09_256_32_16_4_64_65536": {
        "e": 0.0012570344564057704,
        "a": 1.8197784770303997,
        "l": 5.952000000000006e-06,
        "a_tpm": 0.7841009320697463,
        "a_tpw": 0.38662259271801336,
        "u": 30.52,
        "au": 55.5396391189678,
        "m_tpm": 3.5169115806028337,
        "m_tpw": 0.9718079297039236,
        "tp": 142.689
    },
    "A_0.7_1_4e-09_256_32_2_64_4_4096": {
        "e": 0.0007880305866425427,
        "a": 0.2076428916288,
        "l": 2.1087999999999995e-05,
        "a_tpm": 2.8047460648546525,
        "a_tpw": 0.698685257510229,
        "u": 81.38,
        "au": 16.897978520751742,
        "m_tpm": 10.274049418902582,
        "m_tpw": 1.8324576628981566,
        "tp": 58.238558319091794
    },
    "A_0.7_1_4e-09_256_32_4_8_128_16384": {
        "e": 0.0009679413045441332,
        "a": 1.5537312322304,
        "l": 6.008000000000006e-06,
        "a_tpm": 0.918008675124895,
        "a_tpw": 0.518531081497595,
        "u": 30.52,
        "au": 47.41987720767181,
        "m_tpm": 4.119116528804485,
        "m_tpw": 1.2796887796887797,
        "tp": 142.633875
    },
    "A_0.7_1_4e-09_256_32_16_4_32_131072": {
        "e": 0.0015720328901394434,
        "a": 1.4205003201152,
        "l": 7.800000000000007e-06,
        "a_tpm": 0.9284000019746905,
        "a_tpw": 0.34479351081050635,
        "u": 61.04,
        "au": 86.7073395398318,
        "m_tpm": 4.5054548100918215,
        "m_tpw": 0.9745184475562507,
        "tp": 131.87924999999998
    },
    "A_0.7_1_4e-09_256_32_16_16_4_8192": {
        "e": 0.0008696466983646003,
        "a": 0.4069938832576,
        "l": 1.2568000000000018e-05,
        "a_tpm": 2.1778237314170945,
        "a_tpw": 0.6115084802522064,
        "u": 71.78,
        "au": 29.21402094023053,
        "m_tpm": 9.246330607917624,
        "m_tpw": 1.5775816808691085,
        "tp": 88.63609374999999
    },
    "A_0.7_1_4e-09_256_32_1_16_16_16384": {
        "e": 0.0008170643660939804,
        "a": 0.1968108862144,
        "l": 4.008800000000004e-05,
        "a_tpm": 1.8592882521828862,
        "a_tpw": 0.6667252296629317,
        "u": 97.66,
        "au": 19.220551147698302,
        "m_tpm": 6.503705280843081,
        "m_tpw": 1.6694802974613214,
        "tp": 36.59281686401367
    },
    "A_0.7_1_4e-09_256_32_32_8_64_32768": {
        "e": 0.0010421571372607077,
        "a": 5.922586908121599,
        "l": 5.4760000000000065e-06,
        "a_tpm": 0.2452980044932373,
        "a_tpw": 0.48984938727253263,
        "u": 7.63,
        "au": 45.1893381089678,
        "m_tpm": 1.0806088790733874,
        "m_tpw": 1.2261441396195618,
        "tp": 145.279875
    },
    "A_0.7_1_4e-09_256_32_32_8_4_8192": {
        "e": 0.0008676052428845877,
        "a": 0.40999388325759994,
        "l": 1.2260000000000018e-05,
        "a_tpm": 2.091144764619138,
        "a_tpw": 0.6120398485360161,
        "u": 71.78,
        "au": 29.429360940230524,
        "m_tpm": 9.178673520930491,
        "m_tpw": 1.5454995054401581,
        "tp": 85.73565624999998
    },
    "A_0.7_1_4e-09_256_32_1_16_16_4096": {
        "e": 0.0007201032943310584,
        "a": 0.11830158621439998,
        "l": 4.008800000000004e-05,
        "a_tpm": 3.0931805764375695,
        "a_tpw": 0.780416619496404,
        "u": 97.66,
        "au": 11.553332909698302,
        "m_tpm": 10.819804205162848,
        "m_tpw": 1.918967380624877,
        "tp": 36.59281686401367
    },
    "A_0.7_1_4e-09_256_32_8_8_64_16384": {
        "e": 0.0009852397960029798,
        "a": 1.5442244770304,
        "l": 6.008000000000006e-06,
        "a_tpm": 0.9236602393085372,
        "a_tpw": 0.5225401236732641,
        "u": 30.52,
        "au": 47.129731038967805,
        "m_tpm": 4.144475168731579,
        "m_tpw": 1.3039088056612593,
        "tp": 142.633875
    },
    "A_0.7_1_4e-09_256_32_4_4_16_2048": {
        "e": 0.0007096305299996671,
        "a": 0.0986413862144,
        "l": 4.266400000000004e-05,
        "a_tpm": 3.6808523170064267,
        "a_tpw": 0.8159054890409334,
        "u": 97.66,
        "au": 9.633317777698304,
        "m_tpm": 12.976297770368737,
        "m_tpw": 2.0455854629241728,
        "tp": 36.3084375
    },
    "A_0.7_1_4e-09_256_32_2_4_4_4096": {
        "e": 0.0007467814780831329,
        "a": 0.0403805244768,
        "l": 0.0003065480000000002,
        "a_tpm": 1.347623544245466,
        "a_tpw": 0.8013523146166653,
        "u": 97.66,
        "au": 3.943562020404288,
        "m_tpm": 3.962306138245567,
        "m_tpw": 2.0589878608664485,
        "tp": 5.441774551391601
    },
    "A_0.7_1_4e-09_256_32_8_16_4_8192": {
        "e": 0.0008505089856248235,
        "a": 0.22708069162879999,
        "l": 2.2263999999999996e-05,
        "a_tpm": 2.5331065321166095,
        "a_tpw": 0.6542421344591772,
        "u": 81.38,
        "au": 18.479826684751743,
        "m_tpm": 9.394604687770645,
        "m_tpw": 1.7046694305040369,
        "tp": 57.52195832824707
    },
    "A_0.7_1_4e-09_256_32_16_4_32_8192": {
        "e": 0.0009089443141025793,
        "a": 0.7653788201152,
        "l": 7.800000000000007e-06,
        "a_tpm": 1.7230585238842946,
        "a_tpw": 0.5790274810099496,
        "u": 61.04,
        "au": 46.718723179831805,
        "m_tpm": 8.36187235888852,