{
    "A_0.75_1_8e-09_256_32_4_16_32_8192": {
        "e": 0.0009174956640233062,
        "a": 0.7483811721152,
        "l": 1.5152000000000012e-05,
        "a_tpm": 0.8812546327641702,
        "a_tpw": 0.5880003804970682,
        "u": 61.04,
        "au": 45.68118674591181,
        "m_tpm": 4.27589591939576,
        "m_tpw": 1.5494843316144389,
        "tp": 65.95143749999998
    },
    "A_0.65_1_2e-09_256_32_4_16_32_8192": {
        "e": 0.0009073097912611638,
        "a": 0.7877076873152,
        "l": 3.788000000000003e-06,
        "a_tpm": 3.3490310460108335,
        "a_tpw": 0.5775168710360041,
        "u": 61.04,
        "au": 48.08167723371981,
        "m_tpm": 16.24968272637677,
        "m_tpw": 1.4162829484065118,
        "tp": 263.80574999999993
    },
    "A_0.7_1_4e-09_256_32_4_16_32_8192": {
        "e": 0.0009001979734052046,
        "a": 0.7631288201152001,
        "l": 7.576000000000006e-06,
        "a_tpm": 1.728448350045124,
        "a_tpw": 0.5951861905308916,
        "u": 61.04,
        "au": 46.58138317983182,
        "m_tpm": 8.386526404590343,
        "m_tpw": 1.5197051042639278,
        "tp": 131.90287499999997
    },
    "A_0.5_1_8e-09_256_32_4_16_32_8192": {
        "e": 0.002174882803938427,
        "a": 1.5250773897152,
        "l": 1.5152000000000012e-05,
        "a_tpm": 0.4324464971073768,
        "a_tpw": 0.17695352952559804,
        "u": 61.04,
        "au": 93.0907238682158,
        "m_tpm": 2.0982541748898287,
        "m_tpw": 0.41222736271575655,
        "tp": 65.95143749999998
    },
    "A_0.85_1_1e-08_256_32_4_16_32_8192": {
        "e": 0.0009879990562331035,
        "a": 0.7336339337151999,
        "l": 1.8940000000000036e-05,
        "a_tpm": 0.7191754303513735,
        "a_tpw": 0.5435999078701846,
        "u": 61.04,
        "au": 44.7810153139758,
        "m_tpm": 3.4894787200421455,
        "m_tpw": 1.5011913454517505,
        "tp": 52.76114999999999
    },
    "A_0.55_1_4e-09_256_32_4_16_32_8192": {
        "e": 0.0011792344855409463,
        "a": 0.9646770057152,
        "l": 7.576000000000006e-06,
        "a_tpm": 1.367326827721044,
        "a_tpw": 0.38167662554189113,
        "u": 61.04,
        "au": 58.88388442885581,
        "m_tpm": 6.634344927974226,
        "m_tpw": 0.9101277265970485,
        "tp": 131.90287499999997
    },
    "A_0.65_1_8e-09_256_32_4_16_32_8192": {
        "e": 0.0009073098207523637,
        "a": 0.7877076873152,
        "l": 1.5152000000000012e-05,
        "a_tpm": 0.8372577615027084,
        "a_tpw": 0.577516868437242,
        "u": 61.04,
        "au": 48.08167723371981,
        "m_tpm": 4.062420681594192,
        "m_tpw": 1.4162829484065118,
        "tp": 65.95143749999998
    },
    "A_0.75_1_6e-09_256_32_4_16_32_8192": {
        "e": 0.0009174956640233062,
        "a": 0.7483811721152,
        "l": 1.1363999999999997e-05,
        "a_tpm": 1.1750061770188935,
        "a_tpw": 0.5880003804970682,
        "u": 61.04,
        "au": 45.68118674591181,
        "m_tpm": 5.701194559194347,
        "m_tpw": 1.5494843316144389,
        "tp": 87.93525000000002
    },
    "A_0.85_1_8e-09_256_32_4_16_32_8192": {
        "e": 0.0009879990562331035,
        "a": 0.7336339337151999,
        "l": 1.5152000000000012e-05,
        "a_tpm": 0.8989692879392168,
        "a_tpw": 0.5435999078701846,
        "u": 61.04,
        "au": 44.7810153139758,
        "m_tpm": 4.361848400052682,
        "m_tpw": 1.5011913454517505,
        "tp": 65.95143749999998
    },
    "A_0.5_1_4e-09_256_32_4_16_32_8192": {
        "e": 0.002174882803938427,
        "a": 1.5250773897152,
        "l": 7.576000000000006e-06,
        "a_tpm": 0.8648929942147536,
        "a_tpw": 0.17695352952559804,
        "u": 61.04,
        "au": 93.0907238682158,
        "m_tpm": 4.196508349779657,
        "m_tpw": 0.41222736271575655,
        "tp": 131.90287499999997
    },
    "A_0.55_1_1e-08_256_32_4_16_32_8192": {
        "e": 0.0011792344855409463,
        "a": 0.9646770057152,
        "l": 1.8940000000000036e-05,
        "a_tpm": 0.5469307310884176,
        "a_tpw": 0.38167662554189113,
        "u": 61.04,
        "au": 58.88388442885581,
        "m_tpm": 2.6537379711896905,
        "m_tpw": 0.9101277265970485,
        "tp": 52.76114999999999
    },
    "A_0.75_1_2e-09_256_32_4_16_32_8192": {
        "e": 0.0009174956345321064,
        "a": 0.7483811721152,
        "l": 3.788000000000003e-06,
        "a_tpm": 3.5250185310566806,
        "a_tpw": 0.5880003828937522,
        "u": 61.04,
        "au": 45.68118674591181,
        "m_tpm": 17.10358367758304,
        "m_tpw": 1.5494843316144389,
        "tp": 263.80574999999993
    },
    "A_0.85_1_4e-09_256_32_4_16_32_8192": {
        "e": 0.0009879990562331035,
        "a": 0.7336339337151999,
        "l": 7.576000000000006e-06,
        "a_tpm": 1.7979385758784336,
        "a_tpw": 0.5435999078701846,
        "u": 61.04,
        "au": 44.7810153139758,
        "m_tpm": 8.723696800105364,
        "m_tpw": 1.5011913454517505,
        "tp": 131.90287499999997
    },
    "A_0.85_1_2e-09_256_32_4_16_32_8192": {
        "e": 0.0009879990267419032,
        "a": 0.7336339337151999,
        "l": 3.788000000000003e-06,
        "a_tpm": 3.5958771517568673,
        "a_tpw": 0.5435999100081481,
        "u": 61.04,
        "au": 44.7810153139758,
        "m_tpm": 17.447393600210727,
        "m_tpw": 1.5011913454517505,
        "tp": 263.80574999999993
    },
    "A_0.6_1_4e-09_256_32_4_16_32_8192": {
        "e": 0.0009672498623371674,
        "a": 0.8368658313152001,
        "l": 7.576000000000006e-06,
        "a_tpm": 1.5761531904427775,
        "a_tpw": 0.514490685712971,
        "u": 61.04,
        "au": 51.08229034347981,
        "m_tpm": 7.647581918766954,
        "m_tpw": 1.2015533681944015,
        "tp": 131.90287499999997
    },
    "A_0.6_1_8e-09_256_32_4_16_32_8192": {
        "e": 0.0009672498623371674,
        "a": 0.8368658313152001,
        "l": 1.5152000000000012e-05,
        "a_tpm": 0.7880765952213887,
        "a_tpw": 0.514490685712971,
        "u": 61.04,
        "au": 51.08229034347981,
        "m_tpm": 3.823790959383477,
        "m_tpw": 1.2015533681944015,
        "tp": 65.95143749999998
    },
    "A_0.75_1_1e-08_256_32_4_16_32_8192": {
        "e": 0.0009174956640233062,
        "a": 0.7483811721152,
        "l": 1.8940000000000036e-05,
        "a_tpm": 0.7050037062113361,
        "a_tpw": 0.5880003804970682,
        "u": 61.04,
        "au": 45.68118674591181,
        "m_tpm": 3.420716735516608,
        "m_tpw": 1.5494843316144389,
        "tp": 52.76114999999999
    },
    "A_0.6_1_2e-09_256_32_4_16_32_8192": {
        "e": 0.0009672498328459674,
        "a": 0.8368658313152001,
        "l": 3.788000000000003e-06,
        "a_tpm": 3.152306380885555,
        "a_tpw": 0.5144906883154687,
        "u": 61.04,
        "au": 51.08229034347981,
        "m_tpm": 15.295163837533908,
        "m_tpw": 1.2015533681944015,
        "tp": 263.80574999999993
    },
    "A_0.55_1_6e-09_256_32_4_16_32_8192": {
        "e": 0.0011792344855409463,
        "a": 0.9646770057152,
        "l": 1.1363999999999997e-05,
        "a_tpm": 0.911551218480696,
        "a_tpw": 0.38167662554189113,
        "u": 61.04,
        "au": 58.88388442885581,
        "m_tpm": 4.422896618649483,
        "m_tpw": 0.9101277265970485,
        "tp": 87.93525000000002
    },
    "A_0.55_1_2e-09_256_32_4_16_32_8192": {
        "e": 0.001179234456049746,
        "a": 0.9646770057152,
        "l": 3.788000000000003e-06,
        "a_tpm": 2.734653655442088,
        "a_tpw": 0.3816766279382779,
        "u": 61.04,
        "au": 58.88388442885581,
        "m_tpm": 13.268689855948452,
        "m_tpw": 0.9101277265970485,
        "tp": 263.80574999999993
    },
    "A_0.8_1_1e-08_256_32_4_16_32_8192": {
        "e": 0.0009476796710764544,
        "a": 0.7385495433152,
        "l": 1.8940000000000036e-05,
        "a_tpm": 0.7143887702261087,
        "a_tpw": 0.5693825524327943,
        "u": 61.04,