{
    "A_0.7_8_4e-09_512_128_8_16_32_8192": {
        "e": 0.0007558812686317979,
        "a": 4.52995785661312,
        "l": 3.6000000000000005e-08,
        "a_tpm": 83.08770454686042,
        "a_tpw": 1.9248347347775066,
        "u": 55.7,
        "au": 252.31865261335076,
        "m_tpm": 165.03507177414536,
        "m_tpw": 2.034015773287886,
        "tp": 37638.380000000005
    },
    "A_0.7_8_4e-09_512_128_32_8_16_16384": {
        "e": 0.0007651214413091963,
        "a": 4.59414614541312,
        "l": 4.000000000000001e-08,
        "a_tpm": 77.14650095619221,
        "a_tpw": 1.904728378748399,
        "u": 55.7,
        "au": 255.8939402995108,
        "m_tpm": 162.72924202605515,
        "m_tpw": 2.0253625949943665,
        "tp": 35442.229999999996
    },
    "A_0.7_8_4e-09_512_128_16_4_64_65536": {
        "e": 0.0007964107942874646,
        "a": 4.87172302541312,
        "l": 3.6000000000000005e-08,
        "a_tpm": 77.25886673700683,
        "a_tpw": 1.8393608081926158,
        "u": 55.7,
        "au": 271.3549725155108,
        "m_tpm": 153.4573940472742,
        "m_tpw": 1.9965234297934193,
        "tp": 37638.380000000005
    },
    "A_0.7_8_4e-09_512_128_4_8_128_16384": {
        "e": 0.0007634373868664914,
        "a": 4.60852977741312,
        "l": 4.000000000000001e-08,
        "a_tpm": 76.90571985388057,
        "a_tpw": 1.907464265540618,
        "u": 55.7,
        "au": 256.6951086019108,
        "m_tpm": 162.22134956446936,
        "m_tpw": 2.026505787830226,
        "tp": 35442.229999999996
    },
    "A_0.7_8_4e-09_512_128_8_8_64_8192": {
        "e": 0.0007562811096468357,
        "a": 4.53597252541312,
        "l": 3.6000000000000005e-08,
        "a_tpm": 82.97753081423708,
        "a_tpw": 1.9241828892062613,
        "u": 55.7,
        "au": 252.65366966551082,
        "m_tpm": 164.81623638844925,
        "m_tpw": 2.0337362018320153,
        "tp": 37638.380000000005
    },
    "A_0.7_8_4e-09_512_128_8_32_16_131072": {
        "e": 0.0008121439793015029,
        "a": 5.184571145413119,
        "l": 4.000000000000001e-08,
        "a_tpm": 68.36096758235513,
        "a_tpw": 1.8054759388779877,
        "u": 55.7,
        "au": 288.7806127995107,
        "m_tpm": 144.1974464293766,
        "m_tpw": 1.9757892788173137,
        "tp": 35442.229999999996
    },
    "A_0.7_8_4e-09_512_128_1_64_64_32768": {
        "e": 0.0007649573753143625,
        "a": 4.66263752541312,
        "l": 3.6000000000000005e-08,
        "a_tpm": 80.7233669674229,
        "a_tpw": 1.9025999337241613,
        "u": 55.7,
        "au": 259.7089101655108,
        "m_tpm": 160.33884596975201,
        "m_tpw": 2.0212136233290865,
        "tp": 37638.380000000005
    },
    "A_0.7_8_4e-09_512_128_32_8_16_32768": {
        "e": 0.0007706865989735547,
        "a": 4.66192714541312,
        "l": 4.000000000000001e-08,
        "a_tpm": 76.02484743862135,
        "a_tpw": 1.89259121011305,
        "u": 55.7,
        "au": 259.6693419995108,
        "m_tpm": 160.36327824976138,
        "m_tpw": 2.020334456186736,
        "tp": 35442.229999999996
    },
    "A_0.7_8_4e-09_512_128_32_8_16_4096": {
        "e": 0.0007536298859346658,
        "a": 4.515636845413121,
        "l": 4.000000000000001e-08,
        "a_tpm": 78.4877775014202,
        "a_tpw": 1.9307574821063738,
        "u": 55.7,
        "au": 251.52097228951084,
        "m_tpm": 165.55846840504827,
        "m_tpw": 2.0365237003133836,
        "tp": 35442.229999999996
    },
    "A_0.7_8_4e-09_512_128_32_32_4_4096": {
        "e": 0.0007554789655396024,
        "a": 4.51695048893312,
        "l": 3.6000000000000005e-08,
        "a_tpm": 83.32697046871989,
        "a_tpw": 1.9270612061492733,
        "u": 55.7,
        "au": 251.59414223357481,
        "m_tpm": 165.51031981237847,
        "m_tpw": 2.034777571789557,
        "tp": 37638.380000000005
    },
    "A_0.7_8_4e-09_512_128_4_16_64_65536": {
        "e": 0.0007896596954779158,
        "a": 4.86947302541312,
        "l": 3.6000000000000005e-08,
        "a_tpm": 77.29456514815953,
        "a_tpw": 1.8496023247201865,
        "u": 55.7,
        "au": 271.2296475155108,
        "m_tpm": 153.52830092668486,
        "m_tpw": 1.9965234297934193,
        "tp": 37638.380000000005
    },
    "A_0.7_8_4e-09_512_128_8_8_64_4096": {
        "e": 0.0007528805158692126,
        "a": 4.51765972541312,
        "l": 3.6000000000000005e-08,
        "a_tpm": 83.31388880015335,
        "a_tpw": 1.9321537167201641,
        "u": 55.7,
        "au": 251.63364670551078,
        "m_tpm": 165.48433601462426,
        "m_tpw": 2.040384064920385,
        "tp": 37638.380000000005
    },
    "A_0.7_8_4e-09_512_128_16_4_64_4096": {
        "e": 0.0007536578376565065,
        "a": 4.51915972541312,
        "l": 3.6000000000000005e-08,
        "a_tpm": 83.28623524489231,
        "a_tpw": 1.9307701632141374,
        "u": 55.7,
        "au": 251.7171967055108,
        "m_tpm": 165.42940843536078,
        "m_tpw": 2.0382451759139295,
        "tp": 37638.380000000005
    },
    "A_0.7_8_4e-09_512_128_1_64_64_4096": {
        "e": 0.0007517725605295227,
        "a": 4.51634722541312,
        "l": 3.6000000000000005e-08,
        "a_tpm": 83.33810072930592,
        "a_tpw": 1.9341155460424209,
        "u": 55.7,
        "au": 251.5605404555108,
        "m_tpm": 165.53242757627325,
        "m_tpw": 2.044709587116537,
        "tp": 37638.380000000005
    },
    "A_0.7_8_4e-09_512_128_4_8_128_2048": {
        "e": 0.000750966544452944,
        "a": 4.50979777741312,
        "l": 4.000000000000001e-08,
        "a_tpm": 78.58939967887014,
        "a_tpw": 1.9367417503350597,
        "u": 55.7,
        "au": 251.19573620191082,
        "m_tpm": 165.77282550102154,
        "m_tpw": 2.0458747309265557,
        "tp": 35442.229999999996
    },
    "A_0.7_8_4e-09_512_128_16_8_32_2048": {
        "e": 0.000750113577116205,
        "a": 4.49292235661312,
        "l": 3.6000000000000005e-08,
        "a_tpm": 83.77260280182712,
        "a_tpw": 1.9384452736584614,
        "u": 55.7,
        "au": 250.25577526335078,
        "m_tpm": 166.3954683970015,
        "m_tpw": 2.0477344259476324,
        "tp": 37638.380000000005
    },
    "A_0.7_8_4e-09_512_128_4_32_32_8192": {
        "e": 0.0007557470811968964,
        "a": 4.5292078566131195,
        "l": 3.6000000000000005e-08,
        "a_tpm": 83.10146319525612,
        "a_tpw": 1.9247757164889059,
        "u": 55.7,
        "au": 252.27687761335076,
        "m_tpm": 165.06240024034722,
        "m_tpw": 2.0338039696729564,
        "tp": 37638.380000000005
    }
}