{
    "A_0.7_8_4e-09_256_256_8_16_32_16384": {
        "e": 0.002061174560828424,
        "a": 8.759426825093119,
        "l": 1.4000000000000004e-07,
        "a_tpm": 33.8104662183483,
        "a_tpw": 1.742272351696122,
        "u": 43.07,
        "au": 377.26851335676065,
        "m_tpm": 65.98919444639064,
        "m_tpw": 2.0836189280344026,
        "tp": 29616.03047619047
    }
}