{
    "A_0.75_8_8e-09_512_128_4_32_32_8192": {
        "e": 0.016269307252988703,
        "a": 4.5292078566131195,
        "l": 1.0960000000000002e-06,
        "a_tpm": 60.351505308019796,
        "a_tpw": 1.891056526901121,
        "u": 68.91,
        "au": 312.10771339921007,
        "m_tpm": 102.09776866851207,
        "m_tpw": 2.056499037097795,
        "tp": 27334.451199951167
    },
    "A_0.65_8_2e-09_512_128_4_32_32_8192": {
        "e": 0.016031167001193503,
        "a": 4.5292078566131195,
        "l": 2.7400000000000004e-07,
        "a_tpm": 241.40602123207918,
        "a_tpw": 1.9166257506291553,
        "u": 68.91,
        "au": 312.10771339921007,
        "m_tpm": 408.3910746740483,
        "m_tpw": 2.0819309446490175,
        "tp": 109337.80479980467
    },
    "A_0.7_8_4e-09_512_128_4_32_32_8192": {
        "e": 0.0161459603071644,
        "a": 4.5292078566131195,
        "l": 5.480000000000001e-07,
        "a_tpm": 120.70301061603959,
        "a_tpw": 1.9041924852043308,
        "u": 68.91,
        "au": 312.10771339921007,
        "m_tpm": 204.19553733702415,
        "m_tpw": 2.0695758965469007,
        "tp": 54668.902399902334
    },
    "A_0.5_8_8e-09_512_128_4_32_32_8192": {
        "e": 0.01573687929623244,
        "a": 4.5292078566131195,
        "l": 1.0960000000000002e-06,
        "a_tpm": 60.351505308019796,
        "a_tpw": 1.9492335185810248,
        "u": 68.91,
        "au": 312.10771339921007,
        "m_tpm": 102.09776866851207,
        "m_tpw": 2.114161758203218,
        "tp": 27334.451199951167
    },
    "A_0.85_8_1e-08_512_128_4_32_32_8192": {
        "e": 0.016543018140729913,
        "a": 4.5292078566131195,
        "l": 1.3699999999999996e-06,
        "a_tpm": 48.28120424641584,
        "a_tpw": 1.8626183900082955,
        "u": 68.91,
        "au": 312.10771339921007,
        "m_tpm": 81.67821493480967,
        "m_tpw": 2.028199830838399,
        "tp": 21867.56095996094
    },
    "A_0.55_8_4e-09_512_128_4_32_32_8192": {
        "e": 0.015825958643202777,
        "a": 4.5292078566131195,
        "l": 5.480000000000001e-07,
        "a_tpm": 120.70301061603959,
        "a_tpw": 1.9392069999346322,
        "u": 68.91,
        "au": 312.10771339921007,
        "m_tpm": 204.19553733702415,
        "m_tpw": 2.104252407938115,
        "tp": 54668.902399902334
    },
    "A_0.65_8_8e-09_512_128_4_32_32_8192": {
        "e": 0.016031167001193503,
        "a": 4.5292078566131195,
        "l": 1.0960000000000002e-06,
        "a_tpm": 60.351505308019796,
        "a_tpw": 1.9166257506291549,
        "u": 68.91,
        "au": 312.10771339921007,
        "m_tpm": 102.09776866851207,
        "m_tpw": 2.0819309446490175,
        "tp": 27334.451199951167
    },
    "A_0.75_8_6e-09_512_128_4_32_32_8192": {
        "e": 0.016269307252988703,
        "a": 4.5292078566131195,
        "l": 8.219999999999999e-07,
        "a_tpm": 80.4686737440264,
        "a_tpw": 1.891056526901121,
        "u": 68.91,
        "au": 312.10771339921007,
        "m_tpm": 136.1303582246828,
        "m_tpw": 2.056499037097795,
        "tp": 36445.934933268225
    },
    "A_0.85_8_8e-09_512_128_4_32_32_8192": {
        "e": 0.016543018140729913,
        "a": 4.5292078566131195,
        "l": 1.0960000000000002e-06,
        "a_tpm": 60.351505308019796,
        "a_tpw": 1.8626183900082955,
        "u": 68.91,
        "au": 312.10771339921007,
        "m_tpm": 102.09776866851207,
        "m_tpw": 2.028199830838399,
        "tp": 27334.451199951167
    },
    "A_0.5_8_4e-09_512_128_4_32_32_8192": {
        "e": 0.01573687929623244,
        "a": 4.5292078566131195,
        "l": 5.480000000000001e-07,
        "a_tpm": 120.70301061603959,
        "a_tpw": 1.9492335185810248,
        "u": 68.91,
        "au": 312.10771339921007,
        "m_tpm": 204.19553733702415,
        "m_tpw": 2.114161758203218,
        "tp": 54668.902399902334
    },
    "A_0.55_8_1e-08_512_128_4_32_32_8192": {
        "e": 0.015825958643202777,
        "a": 4.5292078566131195,
        "l": 1.3699999999999996e-06,
        "a_tpm": 48.28120424641584,
        "a_tpw": 1.9392069999346322,
        "u": 68.91,
        "au": 312.10771339921007,
        "m_tpm": 81.67821493480967,
        "m_tpw": 2.104252407938115,
        "tp": 21867.56095996094
    },
    "A_0.75_8_2e-09_512_128_4_32_32_8192": {
        "e": 0.016269307252988703,
        "a": 4.5292078566131195,
        "l": 2.7400000000000004e-07,
        "a_tpm": 241.40602123207918,
        "a_tpw": 1.891056526901121,
        "u": 68.91,
        "au": 312.10771339921007,
        "m_tpm": 408.3910746740483,
        "m_tpw": 2.056499037097795,
        "tp": 109337.80479980467
    },
    "A_0.75_8_4e-09_512_128_4_32_32_8192": {
        "e": 0.016269307252988703,
        "a": 4.5292078566131195,
        "l": 5.480000000000001e-07,
        "a_tpm": 120.70301061603959,
        "a_tpw": 1.891056526901121,
        "u": 68.91,
        "au": 312.10771339921007,
        "m_tpm": 204.19553733702415,
        "m_tpw": 2.056499037097795,
        "tp": 54668.902399902334
    },
    "A_0.85_8_6e-09_512_128_4_32_32_8192": {
        "e": 0.016543018140729913,
        "a": 4.5292078566131195,
        "l": 8.219999999999999e-07,
        "a_tpm": 80.4686737440264,
        "a_tpw": 1.8626183900082955,
        "u": 68.91,
        "au": 312.10771339921007,
        "m_tpm": 136.1303582246828,
        "m_tpw": 2.028199830838399,
        "tp": 36445.934933268225
    },
    "A_0.7_8_8e-09_512_128_4_32_32_8192": {
        "e": 0.0161459603071644,
        "a": 4.5292078566131195,
        "l": 1.0960000000000002e-06,
        "a_tpm": 60.351505308019796,
        "a_tpw": 1.9041924852043308,
        "u": 68.91,
        "au": 312.10771339921007,
        "m_tpm": 102.09776866851207,
        "m_tpw": 2.0695758965469007,
        "tp": 27334.451199951167
    },
    "A_0.55_8_8e-09_512_128_4_32_32_8192": {
        "e": 0.015825958643202777,
        "a": 4.5292078566131195,
        "l": 1.0960000000000002e-06,
        "a_tpm": 60.351505308019796,
        "a_tpw": 1.9392069999346322,
        "u": 68.91,
        "au": 312.10771339921007,
        "m_tpm": 102.09776866851207,
        "m_tpw": 2.104252407938115,
        "tp": 27334.451199951167
    },
    "A_0.6_8_4e-09_512_128_4_32_32_8192": {
        "e": 0.015923899268585045,
        "a": 4.5292078566131195,
        "l": 5.480000000000001e-07,
        "a_tpm": 120.70301061603959,
        "a_tpw": 1.928350775935782,
        "u": 68.91,
        "au": 312.10771339921007,
        "m_tpm": 204.19553733702415,
        "m_tpw": 2.093537514316447,
        "tp": 54668.902399902334
    },
    "A_0.5_8_2e-09_512_128_4_32_32_8192": {
        "e": 0.01573687929623244,
        "a": 4.5292078566131195,
        "l": 2.7400000000000004e-07,
        "a_tpm": 241.40602123207918,
        "a_tpw": 1.9492335185810248,
        "u": 68.91,
        "au": 312.10771339921007,
        "m_tpm": 408.3910746740483,
        "m_tpw": 2.114161758203218,
        "tp": 109337.80479980467
    },
    "A_0.5_8_1e-09_512_128_4_32_32_8192": {
        "e": 0.01573687929623244,
        "a": 4.5292078566131195,
        "l": 1.3700000000000002e-07,
        "a_tpm": 482.81204246415837,
        "a_tpw": 1.9492335185810248,
        "u": 68.91,
        "au": 312.10771339921007,
        "m_tpm": 816.7821493480966,
        "m_tpw": 2.114161758203218,
        "tp": 218675.60959960934
    },
    "A_0.55_8_2e-09_512_128_4_32_32_8192": {
        "e": 0.015825958643202777,
        "a": 4.5292078566131195,
        "l": 2.7400000000000004e-07,
        "a_tpm": 241.40602123207918,
        "a_tpw": 1.9392069999346322,
        "u": 68.91,
        "au": 312.10771339921007,
        "m_tpm": 408.3910746740483,
        "m_tpw": 2.104252407938115,
        "tp": 109337.80479980467
    },
    "A_0.75_8_1e-08_512_128_4_32_32_8192": {
        "e": 0.016269307252988703,
        "a": 4.5292078566131195,
        "l": 1.3699999999999996e-06,
        "a_tpm": 48.28120424641584,