{
    "A_0.75_1_1e-09_32_32_1_16_32_2048": {
        "e": 0.021688481850790118,
        "a": 0.1548716691136,
        "l": 0.00031411500000000006,
        "a_tpm": 6.930041693010905,
        "a_tpw": 1.9408613084730701,
        "u": 100.0,
        "au": 15.487166911360001,
        "m_tpm": 8.463265150442544,
        "m_tpw": 2.862840741259734,
        "tp": 107.32671240234373
    },
    "A_0.65_1_2e-09_32_32_1_16_32_2048": {
        "e": 0.02384111446295962,
        "a": 0.1561006124736,
        "l": 0.0006282300000000001,
        "a_tpm": 3.4377415534002145,
        "a_tpw": 1.5963718247302974,
        "u": 100.0,
        "au": 15.61006124736,
        "m_tpm": 4.1983179285144425,
        "m_tpw": 2.2667020325375677,
        "tp": 53.663356201171865
    },
    "A_0.7_1_8e-09_32_32_1_16_32_2048": {
        "e": 0.022297192579087775,
        "a": 0.1553325203136,
        "l": 0.0025129200000000005,
        "a_tpm": 0.8636851461115678,
        "a_tpw": 1.809023377809245,
        "u": 100.0,
        "au": 15.53325203136,
        "m_tpm": 1.0547694691956604,
        "m_tpw": 2.6324819939916395,
        "tp": 13.415839050292966
    },
    "A_0.5_1_1e-08_32_32_1_16_32_2048": {
        "e": 0.07937607733389349,
        "a": 0.1798348025536,
        "l": 0.00314115,
        "a_tpm": 0.5968072413033337,
        "a_tpw": 0.35475545829811517,
        "u": 100.0,
        "au": 17.98348025536,
        "m_tpm": 0.728846686730361,
        "m_tpw": 0.44276479647123845,
        "tp": 10.732671240234376
    },
    "A_0.85_1_8e-09_32_32_1_16_32_2048": {
        "e": 0.021823124298431907,
        "a": 0.1543339974336,
        "l": 0.0025129200000000005,
        "a_tpm": 0.8692730878084683,
        "a_tpw": 2.030360813291643,
        "u": 100.0,
        "au": 15.433399743359999,
        "m_tpm": 1.0615937040734647,
        "m_tpw": 3.0381393528508456,
        "tp": 13.415839050292966
    },
    "A_0.55_1_2e-09_32_32_1_16_32_2048": {
        "e": 0.037203084427983674,
        "a": 0.16178451903359997,
        "l": 0.0006282300000000001,
        "a_tpm": 3.316964844456278,
        "a_tpw": 0.8516737590769689,
        "u": 100.0,
        "au": 16.178451903359996,
        "m_tpm": 4.050820213916095,
        "m_tpw": 1.1249271767142883,
        "tp": 53.663356201171865
    },
    "A_0.65_1_4e-09_32_32_1_16_32_2048": {
        "e": 0.023841115883520052,
        "a": 0.1561006124736,
        "l": 0.0012564600000000003,
        "a_tpm": 1.7188707767001072,
        "a_tpw": 1.5963716646331165,
        "u": 100.0,
        "au": 15.61006124736,
        "m_tpm": 2.0991589642572213,
        "m_tpw": 2.2667007172261764,
        "tp": 26.831678100585933
    },
    "A_0.75_1_8e-09_32_32_1_16_32_2048": {
        "e": 0.021688506473837504,
        "a": 0.1548716691136,
        "l": 0.0025129200000000005,
        "a_tpm": 0.8662552116263631,
        "a_tpw": 1.940857710431492,
        "u": 100.0,
        "au": 15.487166911360001,
        "m_tpm": 1.057908143805318,
        "m_tpw": 2.862840741259734,
        "tp": 13.415839050292966
    },
    "A_0.85_1_1e-08_32_32_1_16_32_2048": {
        "e": 0.021823124298431907,
        "a": 0.1543339974336,
        "l": 0.00314115,
        "a_tpm": 0.6954184702467747,
        "a_tpw": 2.030360813291643,
        "u": 100.0,
        "au": 15.433399743359999,
        "m_tpm": 0.8492749632587718,
        "m_tpw": 3.0381393528508456,
        "tp": 10.732671240234376
    },
    "A_0.5_1_4e-09_32_32_1_16_32_2048": {
        "e": 0.07937604986972556,
        "a": 0.1798348025536,
        "l": 0.0012564600000000003,
        "a_tpm": 1.4920181032583344,
        "a_tpw": 0.3547555659926589,
        "u": 100.0,
        "au": 17.98348025536,
        "m_tpm": 1.8221167168259023,
        "m_tpw": 0.44276482658308663,
        "tp": 26.831678100585933
    },
    "A_0.75_1_6e-09_32_32_1_16_32_2048": {
        "e": 0.02168850552679721,
        "a": 0.1548716691136,
        "l": 0.0018846899999999998,
        "a_tpm": 1.1550069488351509,
        "a_tpw": 1.9408578360966162,
        "u": 100.0,
        "au": 15.487166911360001,
        "m_tpm": 1.4105441917404242,
        "m_tpw": 2.862840741259734,
        "tp": 17.887785400390623
    },
    "A_0.8_1_4e-09_32_32_1_16_32_2048": {
        "e": 0.02157596028038698,
        "a": 0.15456442815359997,
        "l": 0.0012564600000000003,
        "a_tpm": 1.73595428269703,
        "a_tpw": 2.012306029784935,
        "u": 100.0,
        "au": 15.456442815359997,
        "m_tpm": 2.1200220769708062,
        "m_tpw": 2.993088140574498,
        "tp": 26.831678100585933
    },
    "A_0.6_1_2e-09_32_32_1_16_32_2048": {
        "e": 0.02752989661478643,
        "a": 0.15771361727359998,
        "l": 0.0006282300000000001,
        "a_tpm": 3.4025822962437813,
        "a_tpw": 1.2759532629923893,
        "u": 100.0,
        "au": 15.771361727359997,
        "m_tpm": 4.155379930593362,
        "m_tpw": 1.7573302885688171,
        "tp": 53.663356201171865
    },
    "A_0.75_1_2e-09_32_32_1_16_32_2048": {
        "e": 0.021688481850790118,
        "a": 0.1548716691136,
        "l": 0.0006282300000000001,
        "a_tpm": 3.4650208465054524,
        "a_tpw": 1.9408613084730701,
        "u": 100.0,
        "au": 15.487166911360001,
        "m_tpm": 4.231632575221272,
        "m_tpw": 2.862840741259734,
        "tp": 53.663356201171865
    },
    "A_0.65_1_1e-08_32_32_1_16_32_2048": {
        "e": 0.02384111683056034,
        "a": 0.1561006124736,
        "l": 0.00314115,
        "a_tpm": 0.6875483106800432,
        "a_tpw": 1.5963715852093148,
        "u": 100.0,
        "au": 15.61006124736,
        "m_tpm": 0.8396635857028885,
        "m_tpw": 2.2667007172261764,
        "tp": 10.732671240234376
    },
    "A_0.8_1_1e-08_32_32_1_16_32_2048": {
        "e": 0.021575961227427266,
        "a": 0.15456442815359997,
        "l": 0.00314115,
        "a_tpm": 0.6943817130788121,
        "a_tpw": 2.0123058905434754,
        "u": 100.0,
        "au": 15.456442815359997,
        "m_tpm": 0.8480088307883226,
        "m_tpw": 2.993088140574498,
        "tp": 10.732671240234376
    },
    "A_0.6_1_4e-09_32_32_1_16_32_2048": {
        "e": 0.027529897561826725,
        "a": 0.15771361727359998,
        "l": 0.0012564600000000003,
        "a_tpm": 1.7012911481218906,
        "a_tpw": 1.2759532153187534,
        "u": 100.0,
        "au": 15.771361727359997,
        "m_tpm": 2.077689965296681,
        "m_tpw": 1.7573302885688171,
        "tp": 26.831678100585933
    },
    "A_0.55_1_8e-09_32_32_1_16_32_2048": {
        "e": 0.037203110187479405,
        "a": 0.16178451903359997,
        "l": 0.0025129200000000005,
        "a_tpm": 0.8292412111140695,
        "a_tpw": 0.8516731312310083,
        "u": 100.0,
        "au": 16.178451903359996,
        "m_tpm": 1.0127050534790238,
        "m_tpw": 1.1249268527563263,
        "tp": 13.415839050292966
    },
    "A_0.85_1_4e-09_32_32_1_16_32_2048": {
        "e": 0.02182312335139162,
        "a": 0.1543339974336,
        "l": 0.0012564600000000003,
        "a_tpm": 1.7385461756169367,
        "a_tpw": 2.0303609567676424,
        "u": 100.0,
        "au": 15.433399743359999,
        "m_tpm": 2.1231874081469293,
        "m_tpw": 3.0381393528508456,
        "tp": 26.831678100585933
    },
    "A_0.85_1_1e-09_32_32_1_16_32_2048": {
        "e": 0.02182312240435133,
        "a": 0.1543339974336,
        "l": 0.00031411500000000006,
        "a_tpm": 6.954184702467747,
        "a_tpw": 2.0303611002438617,
        "u": 100.0,
        "au": 15.433399743359999,
        "m_tpm": 8.492749632587717,
        "m_tpw": 3.0381393528508456,
        "tp": 107.32671240234373
    },
    "A_0.65_1_1e-09_32_32_1_16_32_2048": {
        "e": 0.02384111351591933,
        "a": 0.1561006124736,
        "l": 0.00031411500000000006,
        "a_tpm": 6.875483106800429,
        "a_tpw": 1.59637190415419,
        "u": 100.0,
        "au": 15.61006124736,
        "m_tpm": 8.396635857028885,
        "m_tpw": 2.2667020325375677,