{
    "A_0.75_8_8e-09_64_32_16_64_128_131072": {
        "e": 0.0009628045718899927,
        "a": 35.40869645101312,
        "l": 5.6e-07,
        "a_tpm": 0.23461157378365768,
        "a_tpw": 0.6822022241923117,
        "u": 5.5,
        "au": 194.74783048057216,
        "m_tpm": 1.0415339647146147,
        "m_tpw": 1.8914724553188809,
        "tp": 830.7289999999999
    },
    "A_0.65_8_2e-09_64_32_16_64_128_131072": {
        "e": 0.0009511018929710695,
        "a": 35.40869645101312,
        "l": 1.4e-07,
        "a_tpm": 0.9384462951346307,
        "a_tpw": 0.6881935816788721,
        "u": 5.5,
        "au": 194.74783048057216,
        "m_tpm": 4.166135858858459,
        "m_tpw": 1.9143029364488184,
        "tp": 3322.9159999999997
    },
    "A_0.7_8_4e-09_64_32_16_64_128_131072": {
        "e": 0.0009567607161964134,
        "a": 35.40869645101312,
        "l": 2.8e-07,
        "a_tpm": 0.46922314756731537,
        "a_tpw": 0.6852774280517997,
        "u": 5.5,
        "au": 194.74783048057216,
        "m_tpm": 2.0830679294292294,
        "m_tpw": 1.9032874189351823,
        "tp": 1661.4579999999999
    },
    "A_0.5_8_8e-09_64_32_16_64_128_131072": {
        "e": 0.000936731057089086,
        "a": 35.40869645101312,
        "l": 5.6e-07,
        "a_tpm": 0.23461157378365768,
        "a_tpw": 0.6957414359154421,
        "u": 5.5,
        "au": 194.74783048057216,
        "m_tpm": 1.0415339647146147,
        "m_tpw": 1.9429922951806329,
        "tp": 830.7289999999999
    },
    "A_0.85_8_1e-08_64_32_16_64_128_131072": {
        "e": 0.0009762201272655882,
        "a": 35.40869645101312,
        "l": 7.000000000000005e-07,
        "a_tpm": 0.18768925902692607,
        "a_tpw": 0.6754761314171321,
        "u": 5.5,
        "au": 194.74783048057216,
        "m_tpm": 0.8332271717716918,
        "m_tpw": 1.8661440269059149,
        "tp": 664.5831999999999
    },
    "A_0.55_8_4e-09_64_32_16_64_128_131072": {
        "e": 0.0009411059022594046,
        "a": 35.40869645101312,
        "l": 2.8e-07,
        "a_tpm": 0.46922314756731537,
        "a_tpw": 0.6934229308512267,
        "u": 5.5,
        "au": 194.74783048057216,
        "m_tpm": 2.0830679294292294,
        "m_tpw": 1.9341318254738469,
        "tp": 1661.4579999999999
    },
    "A_0.65_8_8e-09_64_32_16_64_128_131072": {
        "e": 0.0009511018992625265,
        "a": 35.40869645101312,
        "l": 5.6e-07,
        "a_tpm": 0.23461157378365768,
        "a_tpw": 0.6881934697818681,
        "u": 5.5,
        "au": 194.74783048057216,
        "m_tpm": 1.0415339647146147,
        "m_tpw": 1.9143029364488178,
        "tp": 830.7289999999999
    },
    "A_0.75_8_6e-09_64_32_16_64_128_131072": {
        "e": 0.0009628045718899922,
        "a": 35.40869645101312,
        "l": 4.1999999999999926e-07,
        "a_tpm": 0.3128154317115436,
        "a_tpw": 0.6822022241923117,
        "u": 5.5,
        "au": 194.74783048057216,
        "m_tpm": 1.3887119529528194,
        "m_tpw": 1.8914724553188809,
        "tp": 1107.6386666666667
    },
    "A_0.85_8_8e-09_64_32_16_64_128_131072": {
        "e": 0.000976220127265588,
        "a": 35.40869645101312,
        "l": 5.6e-07,
        "a_tpm": 0.23461157378365768,
        "a_tpw": 0.6754761314171321,
        "u": 5.5,
        "au": 194.74783048057216,
        "m_tpm": 1.0415339647146147,
        "m_tpw": 1.866144026905915,
        "tp": 830.7289999999999
    },
    "A_0.5_8_4e-09_64_32_16_64_128_131072": {
        "e": 0.0009367310570890855,
        "a": 35.40869645101312,
        "l": 2.8e-07,
        "a_tpm": 0.46922314756731537,
        "a_tpw": 0.6957414359154421,
        "u": 5.5,
        "au": 194.74783048057216,
        "m_tpm": 2.0830679294292294,
        "m_tpw": 1.9429922951806333,
        "tp": 1661.4579999999999
    },
    "A_0.55_8_1e-08_64_32_16_64_128_131072": {
        "e": 0.0009411059022594053,
        "a": 35.40869645101312,
        "l": 7.000000000000005e-07,
        "a_tpm": 0.18768925902692607,
        "a_tpw": 0.6934229308512266,
        "u": 5.5,
        "au": 194.74783048057216,
        "m_tpm": 0.8332271717716918,
        "m_tpw": 1.9341318254738467,
        "tp": 664.5831999999999
    },
    "A_0.75_8_2e-09_64_32_16_64_128_131072": {
        "e": 0.0009628045655985357,
        "a": 35.40869645101312,
        "l": 1.4e-07,
        "a_tpm": 0.9384462951346307,
        "a_tpw": 0.6822023334704185,
        "u": 5.5,
        "au": 194.74783048057216,
        "m_tpm": 4.166135858858459,
        "m_tpw": 1.891472455318881,
        "tp": 3322.9159999999997
    },
    "A_0.8_8_4e-09_64_32_16_64_128_131072": {
        "e": 0.0009693110762094594,
        "a": 35.40869645101312,
        "l": 2.8e-07,
        "a_tpm": 0.46922314756731537,
        "a_tpw": 0.6789344015277889,
        "u": 5.5,
        "au": 194.74783048057216,
        "m_tpm": 2.0830679294292294,
        "m_tpw": 1.8796314117986719,
        "tp": 1661.4579999999999
    },
    "A_0.55_8_8e-09_64_32_16_64_128_131072": {
        "e": 0.0009411059022594048,
        "a": 35.40869645101312,
        "l": 5.6e-07,
        "a_tpm": 0.23461157378365768,
        "a_tpw": 0.6934229308512267,
        "u": 5.5,
        "au": 194.74783048057216,
        "m_tpm": 1.0415339647146147,
        "m_tpw": 1.9341318254738467,
        "tp": 830.7289999999999
    },
    "A_0.85_8_2e-09_64_32_16_64_128_131072": {
        "e": 0.0009762201209741312,
        "a": 35.40869645101312,
        "l": 1.4e-07,
        "a_tpm": 0.9384462951346307,
        "a_tpw": 0.6754762377923074,
        "u": 5.5,
        "au": 194.74783048057216,
        "m_tpm": 4.166135858858459,
        "m_tpw": 1.8661440269059153,
        "tp": 3322.9159999999997
    },
    "A_0.65_8_4e-09_64_32_16_64_128_131072": {
        "e": 0.0009511018992625257,
        "a": 35.40869645101312,
        "l": 2.8e-07,
        "a_tpm": 0.46922314756731537,
        "a_tpw": 0.6881934697818681,
        "u": 5.5,
        "au": 194.74783048057216,
        "m_tpm": 2.0830679294292294,
        "m_tpw": 1.9143029364488184,
        "tp": 1661.4579999999999
    },
    "A_0.65_8_6e-09_64_32_16_64_128_131072": {
        "e": 0.0009511018992625261,
        "a": 35.40869645101312,
        "l": 4.1999999999999926e-07,
        "a_tpm": 0.3128154317115436,
        "a_tpw": 0.6881934697818681,
        "u": 5.5,
        "au": 194.74783048057216,
        "m_tpm": 1.3887119529528194,
        "m_tpw": 1.9143029364488178,
        "tp": 1107.6386666666667
    },
    "A_0.75_8_1e-08_64_32_16_64_128_131072": {
        "e": 0.000962804571889993,
        "a": 35.40869645101312,
        "l": 7.000000000000005e-07,
        "a_tpm": 0.18768925902692607,
        "a_tpw": 0.6822022241923117,
        "u": 5.5,
        "au": 194.74783048057216,
        "m_tpm": 0.8332271717716918,
        "m_tpw": 1.8914724553188806,
        "tp": 664.5831999999999
    },
    "A_0.7_8_2e-09_64_32_16_64_128_131072": {
        "e": 0.0009567607099049574,
        "a": 35.40869645101312,
        "l": 1.4e-07,
        "a_tpm": 0.9384462951346307,
        "a_tpw": 0.6852775386371399,
        "u": 5.5,
        "au": 194.74783048057216,
        "m_tpm": 4.166135858858459,
        "m_tpw": 1.9032874189351823,
        "tp": 3322.9159999999997
    },
    "A_0.55_8_6e-09_64_32_16_64_128_131072": {
        "e": 0.0009411059022594047,
        "a": 35.40869645101312,
        "l": 4.1999999999999926e-07,
        "a_tpm": 0.3128154317115436,
        "a_tpw": 0.6934229308512267,
        "u": 5.5,
        "au": 194.74783048057216,
        "m_tpm": 1.3887119529528194,
        "m_tpw": 1.9341318254738467,
        "tp": 1107.6386666666667
    },
    "A_0.6_8_2e-09_64_32_16_64_128_131072": {
        "e": 0.0009458852871636582,
        "a": 35.40869645101312,
        "l": 1.4e-07,
        "a_tpm": 0.9384462951346307,
        "a_tpw": 0.6909026379161088,
        "u": 5.5,
        "au": 194.74783048057216,
        "m_tpm": 4.166135858858459,
        "m_tpw": 1.924592910107654,
        "tp": 3322.9159999999997
    },