{
    "A_0.75_1_1e-09_512_32_8_8_8_65536": {
        "e": 0.0071568255550595195,
        "a": 0.5912269797376,
        "l": 6.442999999999996e-06,
        "a_tpm": 18.407561082113492,
        "a_tpw": 0.7185278915604009,
        "u": 96.53,
        "au": 57.07114035407052,
        "m_tpm": 34.2395440013317,
        "m_tpw": 1.2331190928662976,
        "tp": 1088.3046742913375
    },
    "A_0.6_1_8e-09_16_64_1_16_128_524288": {
        "e": 0.005388633712765612,
        "a": 3.5480601482944,
        "l": 8.732000000000009e-05,
        "a_tpm": 0.16479207643448765,
        "a_tpw": 0.922550252511996,
        "u": 99.29,
        "au": 352.286892124151,
        "m_tpm": 0.1833900287321376,
        "m_tpw": 1.324309663858424,
        "tp": 58.469219915189306
    }
}