{
    "A_0.7_8_4e-09_512_128_8_16_32_8192": {
        "e": 0.001975415102175707,
        "a": 4.52995785661312,
        "l": 1.1199999999999996e-07,
        "a_tpm": 78.54334985533878,
        "a_tpw": 1.8113177309514679,
        "u": 43.07,
        "au": 195.10528488432706,
        "m_tpm": 127.60108113503944,
        "m_tpw": 2.0877158664802486,
        "tp": 35579.80647619047
    },
    "A_0.7_8_4e-09_512_128_32_8_16_16384": {
        "e": 0.002017791767119659,
        "a": 4.59414614541312,
        "l": 1.1199999999999996e-07,
        "a_tpm": 77.44596133867883,
        "a_tpw": 1.7650171678924447,
        "u": 43.07,
        "au": 197.8698744829431,
        "m_tpm": 125.81826996886316,
        "m_tpw": 2.0607073165198964,
        "tp": 35579.80647619047
    },
    "A_0.7_8_4e-09_512_128_16_4_64_65536": {
        "e": 0.0021692935421873355,
        "a": 4.87172302541312,
        "l": 1.1199999999999996e-07,
        "a_tpm": 73.0333113984314,
        "a_tpw": 1.6280131893684224,
        "u": 43.07,
        "au": 209.82511070454308,
        "m_tpm": 118.64950387876034,
        "m_tpw": 2.0201735500390203,
        "tp": 35579.80647619047
    },
    "A_0.7_8_4e-09_512_128_4_8_128_16384": {
        "e": 0.0020112449431058514,
        "a": 4.60852977741312,
        "l": 1.1199999999999996e-07,
        "a_tpm": 77.20424559383511,
        "a_tpw": 1.7703545295592118,
        "u": 43.07,
        "au": 198.4893775131831,
        "m_tpm": 125.4255799393925,
        "m_tpw": 2.081175570501837,
        "tp": 35579.80647619047
    },
    "A_0.7_8_4e-09_512_128_8_8_64_8192": {
        "e": 0.0019742325078700848,
        "a": 4.53597252541312,
        "l": 1.1199999999999996e-07,
        "a_tpm": 78.43920190621085,
        "a_tpw": 1.8115579774726225,
        "u": 43.07,
        "au": 195.3643366695431,
        "m_tpm": 127.43188296700615,
        "m_tpw": 2.0911055544581436,
        "tp": 35579.80647619047
    },
    "A_0.7_8_4e-09_512_128_8_32_16_131072": {
        "e": 0.0022588850178915047,
        "a": 5.184571145413119,
        "l": 1.1199999999999996e-07,
        "a_tpm": 68.62632506773208,
        "a_tpw": 1.5623247439658445,
        "u": 43.07,
        "au": 223.29947923294304,
        "m_tpm": 111.48993885663833,
        "m_tpw": 1.9952272886310483,
        "tp": 35579.80647619047
    },
    "A_0.7_8_4e-09_512_128_1_64_64_32768": {
        "e": 0.002024596565508751,
        "a": 4.66263752541312,
        "l": 1.1199999999999996e-07,
        "a_tpm": 76.30832609712252,
        "a_tpw": 1.7544425795677576,
        "u": 43.07,
        "au": 200.8197982195431,
        "m_tpm": 123.97007420146508,
        "m_tpw": 2.0804140962734423,
        "tp": 35579.80647619047
    },
    "A_0.7_8_4e-09_512_128_32_8_16_32768": {
        "e": 0.0020443312437151665,
        "a": 4.66192714541312,
        "l": 1.1199999999999996e-07,
        "a_tpm": 76.31995388687598,
        "a_tpw": 1.7377667142645548,
        "u": 43.07,
        "au": 200.7892021529431,
        "m_tpm": 123.98896464281353,
        "m_tpw": 2.048603226264916,
        "tp": 35579.80647619047
    },
    "A_0.7_8_4e-09_512_128_32_8_16_4096": {
        "e": 0.001962005725821534,
        "a": 4.515636845413121,
        "l": 1.1199999999999996e-07,
        "a_tpm": 78.79244433115038,
        "a_tpw": 1.8295136505232716,
        "u": 43.07,
        "au": 194.4884789319431,
        "m_tpm": 128.00575860903143,
        "m_tpw": 2.0836811691765083,
        "tp": 35579.80647619047
    },
    "A_0.7_8_4e-09_512_128_32_32_4_4096": {
        "e": 0.001966125961009168,
        "a": 4.51695048893312,
        "l": 1.1199999999999996e-07,
        "a_tpm": 78.76952949421026,
        "a_tpw": 1.8269212390356988,
        "u": 43.07,
        "au": 194.5450575583495,
        "m_tpm": 127.96853129477785,
        "m_tpw": 2.084804371297721,
        "tp": 35579.80647619047
    },
    "A_0.7_8_4e-09_512_128_4_16_64_65536": {
        "e": 0.002152169680886825,
        "a": 4.86947302541312,
        "l": 1.1199999999999996e-07,
        "a_tpm": 73.06705733968398,
        "a_tpw": 1.639980085475922,
        "u": 43.07,
        "au": 209.72820320454306,
        "m_tpm": 118.70432734370901,
        "m_tpw": 2.0377730746337486,
        "tp": 35579.80647619047
    },
    "A_0.7_8_4e-09_512_128_8_8_64_4096": {
        "e": 0.001956834373397381,
        "a": 4.51765972541312,
        "l": 1.1199999999999996e-07,
        "a_tpm": 78.75716330746192,
        "a_tpw": 1.8329852133371616,
        "u": 43.07,
        "au": 194.5756043735431,
        "m_tpm": 127.94844125785546,
        "m_tpw": 2.0964925980729174,
        "tp": 35579.80647619047
    },
    "A_0.7_8_4e-09_512_128_16_4_64_4096": {
        "e": 0.0019598052724886738,
        "a": 4.51915972541312,
        "l": 1.1199999999999996e-07,
        "a_tpm": 78.73102222103455,
        "a_tpw": 1.8301724011067093,
        "u": 43.07,
        "au": 194.6402093735431,
        "m_tpm": 127.90597259696536,
        "m_tpw": 2.093694609215419,
        "tp": 35579.80647619047
    },
    "A_0.7_8_4e-09_512_128_1_64_64_4096": {
        "e": 0.001953690166755328,
        "a": 4.51634722541312,
        "l": 1.1199999999999996e-07,
        "a_tpm": 78.78005100224752,
        "a_tpw": 1.8363223689494383,
        "u": 43.07,
        "au": 194.51907499854306,
        "m_tpm": 127.98562447711858,
        "m_tpw": 2.099636591539318,
        "tp": 35579.80647619047
    },
    "A_0.7_8_4e-09_512_128_4_8_128_2048": {
        "e": 0.0019468979282976444,
        "a": 4.50979777741312,
        "l": 1.1199999999999996e-07,
        "a_tpm": 78.89446097647313,
        "a_tpw": 1.8458020204853522,
        "u": 43.07,
        "au": 194.2369902731831,
        "m_tpm": 128.17149427297917,
        "m_tpw": 2.101938007021078,
        "tp": 35579.80647619047
    },
    "A_0.7_8_4e-09_512_128_16_8_32_2048": {
        "e": 0.0019465731114805492,
        "a": 4.49292235661312,
        "l": 1.1199999999999996e-07,
        "a_tpm": 79.19078864966507,
        "a_tpw": 1.847370448299849,
        "u": 43.07,
        "au": 193.51016589932706,
        "m_tpm": 128.65290653180395,
        "m_tpw": 2.0965117265112867,
        "tp": 35579.80647619047
    },
    "A_0.7_8_4e-09_512_128_4_32_32_8192": {
        "e": 0.0019733251026384318,
        "a": 4.5292078566131195,
        "l": 1.1199999999999996e-07,
        "a_tpm": 78.55635599554171,
        "a_tpw": 1.8137372883035368,
        "u": 43.07,
        "au": 195.07298238432705,
        "m_tpm": 127.62221083671817,
        "m_tpw": 2.088285074902944,
        "tp": 35579.80647619047
    }
}