{
    "A_0.7_1_4e-09_32_128_8_32_32_16384": {
        "e": 0.014211179114509991,
        "a": 9.2867961339904,
        "l": 2.7112000000000004e-05,
        "a_tpm": 1.3862978592643769,
        "a_tpw": 4.465275888884007,
        "u": 100.0,
        "au": 928.67961339904,
        "m_tpm": 2.258208288135301,
        "m_tpw": 7.2267863135721315,
        "tp": 1287.4265599975581
    },
    "A_0.7_1_4e-09_32_64_8_32_32_16384": {
        "e": 0.015741503056006613,
        "a": 4.7269449469952,
        "l": 5.198000000000001e-05,
        "a_tpm": 1.3871115643451684,
        "a_tpw": 3.380617542745726,
        "u": 100.0,
        "au": 472.69449469952,
        "m_tpm": 2.2182953509254504,
        "m_tpw": 5.320800875029116,
        "tp": 655.6799999999998
    },
    "A_0.7_1_4e-09_64_64_8_32_32_16384": {
        "e": 0.015573256742713551,
        "a": 4.8157607624704,
        "l": 2.6216000000000004e-05,
        "a_tpm": 2.718014088652735,
        "a_tpw": 3.5331626884959375,
        "u": 100.0,
        "au": 481.57607624703996,
        "m_tpm": 4.354767820576281,
        "m_tpw": 5.5478782783078495,
        "tp": 1308.9305599975582
    },
    "A_0.7_1_4e-09_128_32_8_32_32_16384": {
        "e": 0.022278782586646406,
        "a": 2.6766674018303998,
        "l": 2.6216000000000004e-05,
        "a_tpm": 4.890150188635558,
        "a_tpw": 1.798338648718561,
        "u": 100.0,
        "au": 267.66674018303996,
        "m_tpm": 7.834936826913545,
        "m_tpw": 2.574253837079799,
        "tp": 1308.9305599975582
    },
    "A_0.7_1_4e-09_256_32_8_32_32_16384": {
        "e": 0.022950336542011927,
        "a": 2.9697092804608,
        "l": 1.3896000000000002e-05,
        "a_tpm": 8.18605485618784,
        "a_tpw": 1.7592332770954988,
        "u": 100.0,
        "au": 296.97092804607996,
        "m_tpm": 14.123618185781414,
        "m_tpw": 2.518536428110896,
        "tp": 2431.020307678222
    },
    "A_0.7_1_4e-09_64_32_8_32_32_16384": {
        "e": 0.02200258947801783,
        "a": 2.5325837258751998,
        "l": 5.198000000000001e-05,
        "a_tpm": 2.588976598487036,
        "a_tpw": 1.8035078082190623,
        "u": 100.0,
        "au": 253.25837258751997,
        "m_tpm": 4.1403409067458865,
        "m_tpw": 2.579665008416725,
        "tp": 655.6799999999998
    },
    "A_0.7_1_4e-09_32_32_8_32_32_16384": {
        "e": 0.022231147096930515,
        "a": 2.4530723250176005,
        "l": 9.623199999999998e-05,
        "a_tpm": 1.473808971357606,
        "a_tpw": 1.7688416216305685,
        "u": 100.0,
        "au": 245.30723250176004,
        "m_tpm": 2.137270860924324,
        "m_tpw": 2.5563242070241405,
        "tp": 361.536
    },
    "A_0.7_1_4e-09_32_256_8_32_32_16384": {
        "e": 0.014321840489183044,
        "a": 18.4175171985408,
        "l": 1.4568000000000005e-05,
        "a_tpm": 1.2732467044276816,
        "a_tpw": 4.619202294748171,
        "u": 100.0,
        "au": 1841.75171985408,
        "m_tpm": 2.277344961747781,
        "m_tpw": 7.8332031559411535,
        "tp": 2345.004307678222
    },
    "A_0.7_1_4e-09_64_128_8_32_32_16384": {
        "e": 0.014336126120664068,
        "a": 9.4163419639808,
        "l": 1.4120000000000005e-05,
        "a_tpm": 2.5360297202595223,
        "a_tpw": 4.593958000485931,
        "u": 100.0,
        "au": 941.63419639808,
        "m_tpm": 4.4542817328044855,
        "m_tpw": 7.571866095485472,
        "tp": 2388.012307678222
    }
}