{
    "A_0.85_6_1e-08_512_512_32_64_128_131072": {
        "e": 0.0011422827386412728,
        "a": 1125.3214499940786,
        "l": 7.999999999999999e-08,
        "a_tpm": 0.15866321574243475,
        "a_tpw": 1.2893537069777694,
        "u": 0.43,
        "au": 483.8882234974538,
        "m_tpm": 0.398017473142769,
        "m_tpw": 1.4102413213974723,
        "tp": 17854.712000000003
    },
    "A_0.85_4_1e-08_512_512_32_64_128_131072": {
        "e": 0.001606236894243193,
        "a": 1125.3214499940786,
        "l": 7.999999999999999e-08,
        "a_tpm": 0.15866321574243475,
        "a_tpw": 0.9097883318456778,
        "u": 0.65,
        "au": 731.4589424961512,
        "m_tpm": 0.398017473142769,
        "m_tpw": 0.978281585315796,
        "tp": 17854.712000000003
    },
    "A_0.85_5_1e-08_512_512_32_64_128_131072": {
        "e": 0.0012281281064902333,
        "a": 1125.3214499940786,
        "l": 7.999999999999999e-08,
        "a_tpm": 0.15866321574243475,
        "a_tpw": 1.1966995502059317,
        "u": 0.52,
        "au": 585.1671539969209,
        "m_tpm": 0.398017473142769,
        "m_tpw": 1.3021197926875288,
        "tp": 17854.712000000003
    },
    "A_0.85_1_1e-08_512_512_32_64_128_131072": {
        "e": 0.006135860542199431,
        "a": 1125.3214499940786,
        "l": 7.999999999999999e-08,
        "a_tpm": 0.15866321574243475,
        "a_tpw": 0.23550312743336818,
        "u": 2.61,
        "au": 2937.088984484545,
        "m_tpm": 0.398017473142769,
        "m_tpw": 0.24739009388315533,
        "tp": 17854.712000000003
    },
    "A_0.85_8_1e-08_512_512_32_64_128_131072": {
        "e": 0.0008808842926855948,
        "a": 1125.3214499940786,
        "l": 7.999999999999999e-08,
        "a_tpm": 0.15866321574243475,
        "a_tpw": 1.7159190544762908,
        "u": 0.33,
        "au": 371.356078498046,
        "m_tpm": 0.398017473142769,
        "m_tpw": 1.9631725169417074,
        "tp": 17854.712000000003
    },
    "A_0.85_2_1e-08_512_512_32_64_128_131072": {
        "e": 0.003124712837728764,
        "a": 1125.3214499940786,
        "l": 7.999999999999999e-08,
        "a_tpm": 0.15866321574243475,
        "a_tpw": 0.46530880555538473,
        "u": 1.3,
        "au": 1462.9178849923023,
        "m_tpm": 0.398017473142769,
        "m_tpw": 0.4935692273090827,
        "tp": 17854.712000000003
    },
    "A_0.85_7_1e-08_512_512_32_64_128_131072": {
        "e": 0.001122493078481273,
        "a": 1125.3214499940786,
        "l": 7.999999999999999e-08,
        "a_tpm": 0.15866321574243475,
        "a_tpw": 1.3120692886679104,
        "u": 0.37,
        "au": 416.3689364978091,
        "m_tpm": 0.398017473142769,
        "m_tpw": 1.436165675704691,
        "tp": 17854.712000000003
    },
    "A_0.85_3_1e-08_512_512_32_64_128_131072": {
        "e": 0.0021295535869201615,
        "a": 1125.3214499940786,
        "l": 7.999999999999999e-08,
        "a_tpm": 0.15866321574243475,
        "a_tpw": 0.6912481287557232,
        "u": 0.87,
        "au": 979.0296614948484,
        "m_tpm": 0.398017473142769,
        "m_tpw": 0.7412516179447316,
        "tp": 17854.712000000003
    }
}