{
    "A_0.7_1_4e-09_32_64_8_32_32_16384": {
        "e": 0.0008014544038651495,
        "a": 4.7269449469952,
        "l": 5.5320000000000065e-06,
        "a_tpm": 0.306644411190235,
        "a_tpw": 0.6960612183428079,
        "u": 61.04,
        "au": 288.532719564587,
        "m_tpm": 1.353940033523834,
        "m_tpw": 1.9094184125370275,
        "tp": 144.949125
    },
    "A_0.7_1_4e-09_64_64_8_32_32_16384": {
        "e": 0.0008193624957455563,
        "a": 4.8157607624704,
        "l": 5.5320000000000065e-06,
        "a_tpm": 0.30098904856237857,
        "a_tpw": 0.7032372818029701,
        "u": 30.52,
        "au": 146.9770184705966,
        "m_tpm": 1.3289696718067268,
        "m_tpw": 1.9176485027000494,
        "tp": 144.949125
    },
    "A_0.7_1_4e-09_128_32_8_32_32_16384": {
        "e": 0.0009582513523077941,
        "a": 2.6766674018303998,
        "l": 5.5320000000000065e-06,
        "a_tpm": 0.5415283381897904,
        "a_tpw": 0.5456380368135266,
        "u": 30.52,
        "au": 81.6918891038638,
        "m_tpm": 2.3910329671977375,
        "m_tpw": 1.363342873097864,
        "tp": 144.949125
    },
    "A_0.7_1_4e-09_256_32_8_32_32_16384": {
        "e": 0.0009588421211180238,
        "a": 2.9697092804608,
        "l": 5.5320000000000065e-06,
        "a_tpm": 0.4880919689805755,
        "a_tpw": 0.5332194791436123,
        "u": 15.26,
        "au": 45.31776361983181,
        "m_tpm": 2.1550931069612753,
        "m_tpw": 1.3161219676549867,
        "tp": 144.949125
    },
    "A_0.7_1_4e-09_64_32_8_32_32_16384": {
        "e": 0.0009010044565893939,
        "a": 2.5325837258751998,
        "l": 5.5320000000000065e-06,
        "a_tpm": 0.5723369518609261,
        "a_tpw": 0.5461726239612451,
        "u": 61.04,
        "au": 154.5889106274222,
        "m_tpm": 2.5270635417150182,
        "m_tpw": 1.3394541028014948,
        "tp": 144.949125
    },
    "A_0.7_1_4e-09_32_32_8_32_32_16384": {
        "e": 0.0009189672798581556,
        "a": 2.4530723250176005,
        "l": 5.848000000000003e-06,
        "a_tpm": 0.41499438871729794,
        "a_tpw": 0.5593775824810939,
        "u": 71.78,
        "au": 176.08153148976336,
        "m_tpm": 1.5340762527142362,
        "m_tpw": 1.3613141102712352,
        "tp": 101.801125
    }
}