{
    "A_0.7_8_4e-09_256_256_8_16_32_16384": {
        "e": 0.016510205432116076,
        "a": 8.759426825093119,
        "l": 6.48e-07,
        "a_tpm": 58.735792572285334,
        "a_tpw": 1.86877409588564,
        "u": 68.91,
        "au": 603.6121025171668,
        "m_tpm": 105.58271111333312,
        "m_tpw": 2.0672003505442587,
        "tp": 51449.18770507812
    }
}