{
    "A_0.75_1_1e-09_512_32_8_8_8_65536": {
        "e": 0.021477615990672255,
        "a": 0.5912269797376,
        "l": 2.3873000000000037e-05,
        "a_tpm": 18.347711475600747,
        "a_tpw": 1.1678159153606709,
        "u": 75.0,
        "au": 44.342023480319995,
        "m_tpm": 26.603386751701912,
        "m_tpw": 1.991460616874841,
        "tp": 1084.7662040816333
    },
    "A_0.6_1_8e-09_16_64_1_16_128_524288": {
        "e": 0.02372142258106055,
        "a": 3.5480601482944,
        "l": 0.0005724720000000003,
        "a_tpm": 0.14278880405949784,
        "a_tpw": 1.1520291592419247,
        "u": 100.0,
        "au": 354.80601482943996,
        "m_tpm": 0.1847093827637168,
        "m_tpw": 1.7733257308258374,
        "tp": 50.66232653061228
    }
}