{
    "A_0.85_8_1e-08_64_32_32_64_64_32768": {
        "e": 0.0005495189218035313,
        "a": 34.542186652613125,
        "l": 7.000000000000005e-07,
        "a_tpm": 0.19239754757961292,
        "a_tpw": 0.9790752883543423,
        "u": 5.5,
        "au": 189.9820265893722,
        "m_tpm": 0.8541291348087848,
        "m_tpw": 2.018368770506626,
        "tp": 664.5831999999999
    },
    "A_0.85_8_1e-08_64_32_32_64_128_131072": {
        "e": 0.0009776110348869642,
        "a": 70.11510390202623,
        "l": 6.500000000000004e-07,
        "a_tpm": 0.09608026837431985,
        "a_tpw": 0.6754303398140217,
        "u": 2.75,
        "au": 192.81653573057216,
        "m_tpm": 0.42078648334067986,
        "m_tpw": 1.8661440269059149,
        "tp": 673.6678
    },
    "A_0.85_8_1e-08_64_32_32_64_64_65536": {
        "e": 0.0007959093355251314,
        "a": 34.74845965261313,
        "l": 7.000000000000005e-07,
        "a_tpm": 0.19125544172143535,
        "a_tpw": 0.7760977768983093,
        "u": 5.5,
        "au": 191.1165280893722,
        "m_tpm": 0.8490588732551575,
        "m_tpw": 1.9321132682082351,
        "tp": 664.5831999999999
    },
    "A_0.85_8_1e-08_64_32_32_64_128_32768": {
        "e": 0.0005450469337669641,
        "a": 69.58795990202626,
        "l": 6.500000000000004e-07,
        "a_tpm": 0.09680809739909968,
        "a_tpw": 0.9809889487964403,
        "u": 2.75,
        "au": 191.3668897305722,
        "m_tpm": 0.42397403288641206,
        "m_tpw": 2.0189216567949466,
        "tp": 673.6678
    },
    "A_0.85_8_1e-08_64_32_16_64_128_65536": {
        "e": 0.0007777763927990283,
        "a": 35.087825451013124,
        "l": 7.000000000000005e-07,
        "a_tpm": 0.18940563898091647,
        "a_tpw": 0.780918950573404,
        "u": 5.5,
        "au": 192.9830399805722,
        "m_tpm": 0.8408468641406821,
        "m_tpw": 1.9326199028309632,
        "tp": 664.5831999999999
    },
    "A_0.85_8_1e-08_64_32_32_32_128_131072": {
        "e": 0.0010160346210967564,
        "a": 35.41169645101312,
        "l": 7.000000000000005e-07,
        "a_tpm": 0.18767335841121127,
        "a_tpw": 0.6685468346788421,
        "u": 5.5,
        "au": 194.76433048057217,
        "m_tpm": 0.8331565826227428,
        "m_tpw": 1.8661440269059149,
        "tp": 664.5831999999999
    },
    "A_0.85_8_1e-08_64_32_32_32_128_65536": {
        "e": 0.0008056115231793167,
        "a": 35.090825451013124,
        "l": 7.000000000000005e-07,
        "a_tpm": 0.18938944623225232,
        "a_tpw": 0.773811715351325,
        "u": 5.5,
        "au": 192.9995399805722,
        "m_tpm": 0.8407749780975355,
        "m_tpw": 1.9326199028309632,
        "tp": 664.5831999999999
    },
    "A_0.85_8_1e-08_64_32_32_32_128_32768": {
        "e": 0.0005589853898350602,
        "a": 34.88455245101312,
        "l": 7.000000000000005e-07,
        "a_tpm": 0.1905093095097739,
        "a_tpw": 0.9741275741007732,
        "u": 5.5,
        "au": 191.86503848057217,
        "m_tpm": 0.8457464960007867,
        "m_tpw": 2.0189216567949466,
        "tp": 664.5831999999999
    },
    "A_0.85_8_1e-08_64_32_16_64_128_32768": {
        "e": 0.0005443236479311882,
        "a": 34.88155245101312,
        "l": 7.000000000000005e-07,
        "a_tpm": 0.19052569432892247,
        "a_tpw": 0.9810889438832868,
        "u": 5.5,
        "au": 191.84853848057216,
        "m_tpm": 0.845819234721105,
        "m_tpw": 2.0189216567949466,
        "tp": 664.5831999999999
    },
    "A_0.85_8_1e-08_64_32_32_64_128_16384": {
        "e": 0.0004966710058688525,
        "a": 69.52017890202625,
        "l": 6.500000000000004e-07,
        "a_tpm": 0.09690248365864966,
        "a_tpw": 1.0405354720976094,
        "u": 2.75,
        "au": 191.18049198057219,
        "m_tpm": 0.42438740040612993,
        "m_tpw": 2.0752977803279027,
        "tp": 673.6678
    },
    "A_0.85_8_1e-08_64_32_32_64_64_16384": {
        "e": 0.0004975445879457392,
        "a": 34.47440565261312,
        "l": 7.000000000000005e-07,
        "a_tpm": 0.19277582525911524,
        "a_tpw": 1.0403522729355055,
        "u": 5.5,
        "au": 189.60923108937217,
        "m_tpm": 0.8558084596815572,
        "m_tpw": 2.0924620477603613,
        "tp": 664.5831999999999
    },
    "A_0.85_8_1e-08_64_32_32_64_128_65536": {
        "e": 0.0007788638359724043,
        "a": 69.79423290202624,
        "l": 6.500000000000004e-07,
        "a_tpm": 0.0965219864147891,
        "a_tpw": 0.7808573633023276,
        "u": 2.75,
        "au": 191.93414048057215,
        "m_tpm": 0.4227210010519861,
        "m_tpw": 1.9326199028309632,
        "tp": 673.6678
    },
    "A_0.85_8_1e-08_64_32_32_32_128_16384": {
        "e": 0.0005069204019945487,
        "a": 34.81677145101312,
        "l": 7.000000000000005e-07,
        "a_tpm": 0.19088019144309873,
        "a_tpw": 1.0342699709932992,
        "u": 5.5,
        "au": 191.49224298057214,
        "m_tpm": 0.8473929882186562,
        "m_tpw": 2.0752977803279027,
        "tp": 664.5831999999999
    },
    "A_0.85_8_1e-08_64_32_16_64_128_131072": {
        "e": 0.0009762201272655882,
        "a": 35.40869645101312,
        "l": 7.000000000000005e-07,
        "a_tpm": 0.18768925902692607,
        "a_tpw": 0.6754761314171321,
        "u": 5.5,
        "au": 194.74783048057216,
        "m_tpm": 0.8332271717716918,
        "m_tpw": 1.8661440269059149,
        "tp": 664.5831999999999
    },
    "A_0.85_8_1e-08_64_32_16_64_128_16384": {
        "e": 0.0004960084129226763,
        "a": 34.81377145101312,
        "l": 7.000000000000005e-07,
        "a_tpm": 0.19089664012275795,
        "a_tpw": 1.0406540341690838,
        "u": 5.5,
        "au": 191.47574298057214,
        "m_tpm": 0.8474660104411473,
        "m_tpw": 2.0752977803279027,
        "tp": 664.5831999999999
    },
    "A_0.85_8_1e-08_64_32_32_64_64_131072": {
        "e": 0.0010060362906764912,
        "a": 35.069330652613125,
        "l": 7.000000000000005e-07,
        "a_tpm": 0.1895055273746663,
        "a_tpw": 0.6699182842543774,
        "u": 5.5,
        "au": 192.8813185893722,
        "m_tpm": 0.841290308396622,
        "m_tpw": 1.8656716417910442,
        "tp": 664.5831999999999
    }
}