{
    "A_0.7_1_4e-09_256_32_1_16_8_4096": {
        "e": 0.023947338154279702,
        "a": 0.0736902366272,
        "l": 0.0008442240000000001,
        "a_tpm": 5.569258816147104,
        "a_tpw": 1.6472737316792725,
        "u": 100.0,
        "au": 7.369023662720001,
        "m_tpm": 8.893444097831791,
        "m_tpw": 2.603016133535643,
        "tp": 41.039999999999985
    },
    "A_0.7_1_4e-09_256_32_8_8_32_131072": {
        "e": 0.02443662003621855,
        "a": 1.4190003201152,
        "l": 5.3772000000000006e-05,
        "a_tpm": 4.534798131319373,
        "a_tpw": 1.5405125336691565,
        "u": 100.0,
        "au": 141.90003201151998,
        "m_tpm": 7.389540263915322,
        "m_tpw": 2.2877817082884317,
        "tp": 643.4879999999998
    },
    "A_0.7_1_4e-09_256_32_1_4_4_16384": {
        "e": 0.04289156735152141,
        "a": 0.1131269122384,
        "l": 0.006402536000000001,
        "a_tpm": 0.4765974664122231,
        "a_tpw": 0.8890087794314624,
        "u": 100.0,
        "au": 11.31269122384,
        "m_tpm": 0.7241424553988041,
        "m_tpw": 2.052040535975915,
        "tp": 5.391599975585935
    },
    "A_0.7_1_4e-09_256_32_1_8_8_131072": {
        "e": 0.041774668284156255,
        "a": 0.7248005183136,
        "l": 0.0016257240000000003,
        "a_tpm": 0.293086792656795,
        "a_tpw": 0.8321244689265402,
        "u": 100.0,
        "au": 72.48005183136,
        "m_tpm": 0.4520968069427103,
        "m_tpw": 1.7644553213939846,
        "tp": 21.242945922851554
    },
    "A_0.7_1_4e-09_256_32_2_8_32_65536": {
        "e": 0.0245578642061525,
        "a": 0.5605958300288,
        "l": 0.00019380799999999998,
        "a_tpm": 3.2023070879920277,
        "a_tpw": 1.5318104591207893,
        "u": 100.0,
        "au": 56.05958300288,
        "m_tpm": 4.676167498187288,
        "m_tpw": 2.2901020689331713,
        "tp": 179.51999999999995
    },
    "A_0.7_1_4e-09_256_32_16_8_64_32768": {
        "e": 0.02330525779163314,
        "a": 3.0488659540608,
        "l": 1.3224000000000004e-05,
        "a_tpm": 8.739289780668337,
        "a_tpw": 1.706596126781614,
        "u": 100.0,
        "au": 304.88659540608,
        "m_tpm": 13.756931472876282,
        "m_tpw": 2.487281039675515,
        "tp": 2664.492307495117
    },
    "A_0.7_1_4e-09_256_32_32_8_16_16384": {
        "e": 0.023030741592269862,
        "a": 1.5415141794303997,
        "l": 2.7336e-05,
        "a_tpm": 8.291915682993368,
        "a_tpw": 1.7306213355943532,
        "u": 100.0,
        "au": 154.15141794303997,
        "m_tpm": 13.60449373728701,
        "m_tpw": 2.442077821400885,
        "tp": 1278.2105599975582
    },
    "A_0.7_1_4e-09_256_32_16_4_64_65536": {
        "e": 0.023546259882205232,
        "a": 1.8197784770303997,
        "l": 2.6216000000000004e-05,
        "a_tpm": 7.253573864126319,
        "a_tpw": 1.6521918853302455,
        "u": 100.0,
        "au": 181.97784770303997,
        "m_tpm": 11.524215867319363,
        "m_tpw": 2.4142161407151947,
        "tp": 1319.9897599487301
    },
    "A_0.7_1_4e-09_256_32_2_64_4_4096": {
        "e": 0.023177709944187806,
        "a": 0.2076428916288,
        "l": 0.000205568,
        "a_tpm": 8.074962534975995,
        "a_tpw": 1.7207209827889074,
        "u": 100.0,
        "au": 20.76428916288,
        "m_tpm": 12.624751945211338,
        "m_tpw": 2.5118963410713135,
        "tp": 167.67085705566402
    },
    "A_0.7_1_4e-09_256_32_4_8_128_16384": {
        "e": 0.02242661230540482,
        "a": 1.5537312322304,
        "l": 2.7560000000000004e-05,
        "a_tpm": 8.147628970425671,
        "a_tpw": 1.7916396794191665,
        "u": 100.0,
        "au": 155.37312322304,
        "m_tpm": 13.497521041586532,
        "m_tpw": 2.611199497312762,
        "tp": 1265.9225599975582
    },
    "A_0.7_1_4e-09_256_32_16_4_32_131072": {
        "e": 0.024493070425490718,
        "a": 1.4205003201152,
        "l": 5.332400000000001e-05,
        "a_tpm": 4.573261904983703,
        "a_tpw": 1.5486996543989375,
        "u": 100.0,
        "au": 142.05003201152,
        "m_tpm": 7.381737160854441,
        "m_tpw": 2.2993089564889804,
        "tp": 649.6319999999997
    },
    "A_0.7_1_4e-09_256_32_16_16_4_8192": {
        "e": 0.023450768147821793,
        "a": 0.4069938832576,
        "l": 0.00010328800000000003,
        "a_tpm": 8.218352107195894,
        "a_tpw": 1.6811202388428181,
        "u": 100.0,
        "au": 40.69938832576,
        "m_tpm": 12.88196264286755,
        "m_tpw": 2.4343466447302817,
        "tp": 334.48190380859364
    },
    "A_0.7_1_4e-09_256_32_1_16_16_16384": {
        "e": 0.02350213067788255,
        "a": 0.1968108862144,
        "l": 0.000428384,
        "a_tpm": 4.092456547970508,
        "a_tpw": 1.6686407362359934,
        "u": 100.0,
        "au": 19.681088621439997,
        "m_tpm": 6.659794207583315,
        "m_tpw": 2.5696375898263066,
        "tp": 80.54399999999997
    },
    "A_0.7_1_4e-09_256_32_32_8_64_32768": {
        "e": 0.023487484383973502,
        "a": 5.922586908121599,
        "l": 7.372000000000001e-06,
        "a_tpm": 8.228555655794063,
        "a_tpw": 1.6301670361043006,
        "u": 100.0,
        "au": 592.2586908121599,
        "m_tpm": 14.1637566997907,
        "m_tpw": 2.41500720251748,
        "tp": 4873.433599975585
    },
    "A_0.7_1_4e-09_256_32_32_8_4_8192": {
        "e": 0.02383939709159677,
        "a": 0.40999388325759994,
        "l": 0.00010149600000000003,
        "a_tpm": 8.273437934199535,
        "a_tpw": 1.6446052570342566,
        "u": 100.0,
        "au": 40.999388325759995,
        "m_tpm": 12.787702973377991,
        "m_tpw": 2.4242396033090667,
        "tp": 339.2058946533202
    },
    "A_0.7_1_4e-09_256_32_16_64_64_32768": {
        "e": 0.025696224482833728,
        "a": 23.143912632486398,
        "l": 4.104e-06,
        "a_tpm": 5.21771758810112,
        "a_tpw": 1.4528531721981945,
        "u": 76.56,
        "au": 1771.8979511431587,
        "m_tpm": 11.10015942764128,
        "m_tpw": 2.3128001089421364,
        "tp": 12075.839999999998
    },
    "A_0.7_1_4e-09_256_32_1_16_16_4096": {
        "e": 0.022622242848710332,
        "a": 0.11830158621439998,
        "l": 0.000428384,
        "a_tpm": 6.808361796098721,
        "a_tpw": 1.7911669035721585,
        "u": 100.0,
        "au": 11.830158621439999,
        "m_tpm": 11.079479506086756,
        "m_tpw": 2.6931185778817137,
        "tp": 80.54399999999997
    },
    "A_0.7_1_4e-09_256_32_8_8_64_16384": {
        "e": 0.022384614588793435,
        "a": 1.5442244770304,
        "l": 2.7560000000000004e-05,
        "a_tpm": 8.197788461635925,
        "a_tpw": 1.8062017061248903,
        "u": 100.0,
        "au": 154.42244770303998,
        "m_tpm": 13.580616232899635,
        "m_tpw": 2.569090024202883,
        "tp": 1265.9225599975582
    },
    "A_0.7_1_4e-09_256_32_4_4_16_2048": {
        "e": 0.02239349875231687,
        "a": 0.0986413862144,
        "l": 0.000428384,
        "a_tpm": 8.165335372004527,
        "a_tpw": 1.8278031037606324,
        "u": 100.0,
        "au": 9.864138621439999,
        "m_tpm": 13.287728916857585,
        "m_tpw": 2.712003143667259,
        "tp": 80.54399999999997
    },
    "A_0.7_1_4e-09_256_32_2_4_4_4096": {
        "e": 0.028274253612316592,
        "a": 0.0403805244768,
        "l": 0.0032012680000000006,
        "a_tpm": 2.6703962097786005,
        "a_tpw": 1.3501563496697726,
        "u": 100.0,
        "au": 4.03805244768,
        "m_tpm": 4.057401485563461,
        "m_tpw": 2.346833269549535,
        "tp": 10.78319995117187
    },
    "A_0.7_1_4e-09_256_32_8_16_4_8192": {
        "e": 0.023675017325726626,
        "a": 0.22708069162879999,
        "l": 0.000205568,
        "a_tpm": 7.383756666099515,
        "a_tpw": 1.6598688722001622,
        "u": 100.0,
        "au": 22.708069162879998,
        "m_tpm": 11.544090257947454,
        "m_tpw": 2.4443700486840294,
        "tp": 167.67085705566402
    },