{
    "A_0.85_8_1e-08_64_32_32_64_64_32768": {
        "e": 0.00208000973646332,
        "a": 34.542186652613125,
        "l": 2.1000000000000008e-07,
        "a_tpm": 5.001677850979128,
        "a_tpw": 1.6999761881150637,
        "u": 43.96,
        "au": 1518.474525248873,
        "m_tpm": 6.833033078470279,
        "m_tpw": 1.9773475069602622,
        "tp": 17276.888990476196
    },
    "A_0.85_8_1e-08_64_32_32_64_128_131072": {
        "e": 0.0022988273425055754,
        "a": 70.11510390202623,
        "l": 2.1000000000000008e-07,
        "a_tpm": 2.464075217604706,
        "a_tpw": 1.524415455940574,
        "u": 21.98,
        "au": 1541.1299837665367,
        "m_tpm": 3.366291866725439,
        "m_tpw": 1.9006111148954383,
        "tp": 17276.888990476196
    },
    "A_0.85_8_1e-08_64_32_32_64_64_65536": {
        "e": 0.0022092006506784366,
        "a": 34.74845965261313,
        "l": 2.1000000000000008e-07,
        "a_tpm": 4.971987006962751,
        "a_tpw": 1.590435959619772,
        "u": 43.96,
        "au": 1527.5422863288732,
        "m_tpm": 6.79247098604126,
        "m_tpw": 1.9316833152012651,
        "tp": 17276.888990476196
    },
    "A_0.85_8_1e-08_64_32_32_64_128_32768": {
        "e": 0.00207640033409106,
        "a": 69.58795990202626,
        "l": 2.1000000000000008e-07,
        "a_tpm": 2.482741125735046,
        "a_tpw": 1.7015895590236543,
        "u": 21.98,
        "au": 1529.5433586465372,
        "m_tpm": 3.3917922630912964,
        "m_tpw": 1.973790587450607,
        "tp": 17276.888990476196
    },
    "A_0.85_8_1e-08_64_32_16_64_128_65536": {
        "e": 0.002197085642712679,
        "a": 35.087825451013124,
        "l": 2.1000000000000008e-07,
        "a_tpm": 4.923898465750416,
        "a_tpw": 1.597123325918929,
        "u": 43.96,
        "au": 1542.460806826537,
        "m_tpm": 6.726774913125457,
        "m_tpw": 1.9343042199399831,
        "tp": 17276.888990476196
    },
    "A_0.85_8_1e-08_64_32_32_32_128_131072": {
        "e": 0.002319045740157994,
        "a": 35.41169645101312,
        "l": 2.1000000000000008e-07,
        "a_tpm": 4.8788650988173465,
        "a_tpw": 1.511665943508567,
        "u": 43.96,
        "au": 1556.6981759865369,
        "m_tpm": 6.665252660981943,
        "m_tpw": 1.8832017201315159,
        "tp": 17276.888990476196
    },
    "A_0.85_8_1e-08_64_32_32_32_128_65536": {
        "e": 0.0022107070662285727,
        "a": 35.090825451013124,
        "l": 2.1000000000000008e-07,
        "a_tpm": 4.923477509696877,
        "a_tpw": 1.5878802669795462,
        "u": 43.96,
        "au": 1542.592686826537,
        "m_tpm": 6.726199824780284,
        "m_tpw": 1.9218374857322775,
        "tp": 17276.888990476196
    },
    "A_0.85_8_1e-08_64_32_32_32_128_32768": {
        "e": 0.002083651678539613,
        "a": 34.88455245101312,
        "l": 2.1000000000000008e-07,
        "a_tpm": 4.952590122730506,
        "a_tpw": 1.6962598065370469,
        "u": 43.96,
        "au": 1533.5249257465368,
        "m_tpm": 6.765971968006293,
        "m_tpw": 1.9670319156435994,
        "tp": 17276.888990476196
    },
    "A_0.85_8_1e-08_64_32_16_64_128_32768": {
        "e": 0.00207640033409106,
        "a": 34.88155245101312,
        "l": 2.1000000000000008e-07,
        "a_tpm": 4.953016071959374,
        "a_tpw": 1.7015895590236543,
        "u": 43.96,
        "au": 1533.393045746537,
        "m_tpm": 6.76655387776884,
        "m_tpw": 1.973790587450607,
        "tp": 17276.888990476196
    },
    "A_0.85_8_1e-08_64_32_32_64_128_16384": {
        "e": 0.0020516798818418693,
        "a": 69.52017890202625,
        "l": 2.1000000000000008e-07,
        "a_tpm": 2.4851617563907964,
        "a_tpw": 1.726171340394908,
        "u": 21.98,
        "au": 1528.0535322665369,
        "m_tpm": 3.3950992032490395,
        "m_tpw": 1.9832103002548656,
        "tp": 17276.888990476196
    },
    "A_0.85_8_1e-08_64_32_32_64_64_16384": {
        "e": 0.002052667166414603,
        "a": 34.47440565261312,
        "l": 2.1000000000000008e-07,
        "a_tpm": 5.011511776176659,
        "a_tpw": 1.726356374667305,
        "u": 43.96,
        "au": 1515.494872488873,
        "m_tpm": 6.846467677452457,
        "m_tpw": 1.9886219009316286,
        "tp": 17276.888990476196
    },
    "A_0.85_8_1e-08_64_32_32_64_128_65536": {
        "e": 0.002197085642712679,
        "a": 69.79423290202624,
        "l": 2.1000000000000008e-07,
        "a_tpm": 2.475403521481302,
        "a_tpw": 1.597123325918929,
        "u": 21.98,
        "au": 1534.0772391865366,
        "m_tpm": 3.381768008415889,
        "m_tpw": 1.9343042199399831,
        "tp": 17276.888990476196
    },
    "A_0.85_8_1e-08_64_32_32_32_128_16384": {
        "e": 0.0020568780725393828,
        "a": 34.81677145101312,
        "l": 2.1000000000000008e-07,
        "a_tpm": 4.962231783835733,
        "a_tpw": 1.7222816862585693,
        "u": 43.96,
        "au": 1530.5452729865367,
        "m_tpm": 6.779143905749249,
        "m_tpw": 1.9781886501980077,
        "tp": 17276.888990476196
    },
    "A_0.85_8_1e-08_64_32_16_64_128_131072": {
        "e": 0.0022988273425055754,
        "a": 35.40869645101312,
        "l": 2.1000000000000008e-07,
        "a_tpm": 4.879278460413886,
        "a_tpw": 1.524415455940574,
        "u": 43.96,
        "au": 1556.566295986537,
        "m_tpm": 6.6658173741735345,
        "m_tpw": 1.9006111148954383,
        "tp": 17276.888990476196
    },
    "A_0.85_8_1e-08_64_32_16_64_128_16384": {
        "e": 0.0020516798818418693,
        "a": 34.81377145101312,
        "l": 2.1000000000000008e-07,
        "a_tpm": 4.96265939321935,
        "a_tpw": 1.726171340394908,
        "u": 43.96,
        "au": 1530.4133929865366,
        "m_tpm": 6.779728083529179,
        "m_tpw": 1.9832103002548656,
        "tp": 17276.888990476196
    },
    "A_0.85_8_1e-08_64_32_32_64_64_131072": {
        "e": 0.0023194420370630255,
        "a": 35.069330652613125,
        "l": 2.1000000000000008e-07,
        "a_tpm": 4.926495222168957,
        "a_tpw": 1.513502310225602,
        "u": 43.96,
        "au": 1541.647775488873,
        "m_tpm": 6.730322467172976,
        "m_tpw": 1.8926546828819217,
        "tp": 17276.888990476196
    }
}