{
    "A_0.85_1_1e-08_256_256_32_64_128_131072": {
        "e": 0.0013716227778088792,
        "a": 635.9941412779649,
        "l": 1.3690000000000004e-05,
        "a_tpm": 0.0009137183226755836,
        "a_tpw": 0.36120113858142017,
        "u": 0.06,
        "au": 38.159648476677894,
        "m_tpm": 0.004025194312098446,
        "m_tpw": 0.9706150562428718,
        "tp": 58.11194999999998
    },
    "A_0.85_1_1e-08_512_512_32_64_128_131072": {
        "e": 0.001478640036052009,
        "a": 1367.1017522558593,
        "l": 1.3690000000000004e-05,
        "a_tpm": 0.0004250740656583115,
        "a_tpw": 0.3504652324623925,
        "u": 0.01,
        "au": 13.671017522558593,
        "m_tpm": 0.0018725745876455322,
        "m_tpw": 0.979736847385529,
        "tp": 58.11194999999998
    },
    "A_0.85_1_1e-08_32_128_32_64_128_131072": {
        "e": 0.0013131479266955104,
        "a": 295.2557834073728,
        "l": 1.3690000000000004e-05,
        "a_tpm": 0.0019681900665708993,
        "a_tpw": 0.35816820740230454,
        "u": 0.95,
        "au": 280.49299423700415,
        "m_tpm": 0.008670448282016869,
        "m_tpw": 0.9629037108614305,
        "tp": 58.11194999999998
    },
    "A_0.85_1_1e-08_64_512_32_64_128_131072": {
        "e": 0.001511217003341565,
        "a": 1185.4524573021824,
        "l": 1.3690000000000004e-05,
        "a_tpm": 0.0004902090306704452,
        "a_tpw": 0.33942558981838183,
        "u": 0.12,
        "au": 142.2542948762619,
        "m_tpm": 0.002159513006389115,
        "m_tpw": 0.9505028022951738,
        "tp": 58.11194999999998
    },
    "A_0.85_1_1e-08_256_128_32_64_128_131072": {
        "e": 0.001321464432109814,
        "a": 322.4957826397824,
        "l": 1.3690000000000004e-05,
        "a_tpm": 0.001801944494415581,
        "a_tpw": 0.36809503060446686,
        "u": 0.12,
        "au": 38.69949391677389,
        "m_tpm": 0.007938088303187018,
        "m_tpw": 0.9988927473673983,
        "tp": 58.11194999999998
    },
    "A_0.85_1_1e-08_32_512_32_64_128_131072": {
        "e": 0.0014891679159125609,
        "a": 1171.9625876534913,
        "l": 1.3690000000000004e-05,
        "a_tpm": 0.0004958515793268794,
        "a_tpw": 0.3394054700319316,
        "u": 0.24,
        "au": 281.2710210368379,
        "m_tpm": 0.0021843700703156775,
        "m_tpw": 0.9467411020272438,
        "tp": 58.11194999999998
    },
    "A_0.85_1_1e-08_32_64_32_64_128_131072": {
        "e": 0.001294950612521451,
        "a": 149.24198648848642,
        "l": 1.3690000000000004e-05,
        "a_tpm": 0.0038938070557297997,
        "a_tpw": 0.3558061416997378,
        "u": 1.91,
        "au": 285.05219419300903,
        "m_tpm": 0.017153349806138477,
        "m_tpw": 0.9045134788427784,
        "tp": 58.11194999999998
    },
    "A_0.85_1_1e-08_64_64_32_64_128_131072": {
        "e": 0.001297579434391306,
        "a": 152.1532396992128,
        "l": 1.3690000000000004e-05,
        "a_tpm": 0.0038193041511886162,
        "a_tpw": 0.35497293502333793,
        "u": 0.95,
        "au": 144.54557771425215,
        "m_tpm": 0.016825142895812065,
        "m_tpw": 0.9257174680664502,
        "tp": 58.11194999999998
    },
    "A_0.85_1_1e-08_512_32_32_64_128_131072": {
        "e": 0.001379993177288868,
        "a": 104.35262638629119,
        "l": 1.3690000000000004e-05,
        "a_tpm": 0.005568805693963268,
        "a_tpw": 0.3203667176640769,
        "u": 0.24,
        "au": 25.044630332709886,
        "m_tpm": 0.024532204781539713,
        "m_tpw": 0.7746346203422771,
        "tp": 58.11194999999998
    },
    "A_0.85_1_1e-08_512_64_32_64_128_131072": {
        "e": 0.0013005925539977625,
        "a": 185.7024025949824,
        "l": 1.3690000000000004e-05,
        "a_tpm": 0.0031293052318091094,
        "a_tpw": 0.3613317088767177,
        "u": 0.12,
        "au": 22.284288311397887,
        "m_tpm": 0.013785497463828558,
        "m_tpw": 0.9395399290940489,
        "tp": 58.11194999999998
    },
    "A_0.85_1_1e-08_128_64_32_64_128_131072": {
        "e": 0.001295267598507049,
        "a": 156.94671508578563,
        "l": 1.3690000000000004e-05,
        "a_tpm": 0.0037026547493037073,
        "a_tpw": 0.3585128749897718,
        "u": 0.48,
        "au": 75.33442324117709,
        "m_tpm": 0.016311268436556496,
        "m_tpw": 0.914491396464942,
        "tp": 58.11194999999998
    },
    "A_0.85_1_1e-08_128_32_32_64_128_131072": {
        "e": 0.0013616367984207462,
        "a": 82.00130910593279,
        "l": 1.3690000000000004e-05,
        "a_tpm": 0.007086710033485987,
        "a_tpw": 0.3277397120266538,
        "u": 0.95,
        "au": 77.90124365063615,
        "m_tpm": 0.031219013792729608,
        "m_tpw": 0.8007728418851602,
        "tp": 58.11194999999998
    },
    "A_0.85_1_1e-08_32_32_32_64_128_131072": {
        "e": 0.0013575725287846708,
        "a": 75.8976769980032,
        "l": 1.3690000000000004e-05,
        "a_tpm": 0.007656617738317456,
        "a_tpw": 0.3271119754586085,
        "u": 3.81,
        "au": 289.17014936239224,
        "m_tpm": 0.03372962258208972,
        "m_tpw": 0.80576125745168,
        "tp": 58.11194999999998
    },
    "A_0.85_1_1e-08_512_128_32_64_128_131072": {
        "e": 0.0013115494579434292,
        "a": 353.03623576756485,
        "l": 1.3690000000000004e-05,
        "a_tpm": 0.001646061908451241,
        "a_tpw": 0.3708544804677612,
        "u": 0.06,
        "au": 21.18217414605389,
        "m_tpm": 0.007251380285182612,
        "m_tpw": 0.9996749856686595,
        "tp": 58.11194999999998
    },
    "A_0.85_1_1e-08_256_512_32_64_128_131072": {
        "e": 0.0014848470325938413,
        "a": 1263.3033681991296,
        "l": 1.3690000000000004e-05,
        "a_tpm": 0.0004599999609186514,
        "a_tpw": 0.34691697632471374,
        "u": 0.03,
        "au": 37.899101045973886,
        "m_tpm": 0.0020264332894555197,
        "m_tpw": 0.9745913889159175,
        "tp": 58.11194999999998
    },
    "A_0.85_1_1e-08_32_256_32_64_128_131072": {
        "e": 0.0013687501367355634,
        "a": 587.4789915555456,
        "l": 1.3690000000000004e-05,
        "a_tpm": 0.0009891749464287964,
        "a_tpw": 0.3519252286965007,
        "u": 0.48,
        "au": 281.9899159466619,
        "m_tpm": 0.004357602632260178,
        "m_tpw": 0.9475554585258767,
        "tp": 58.11194999999998
    },
    "A_0.85_1_1e-08_256_64_32_64_128_131072": {
        "e": 0.0012799601963414324,
        "a": 166.53265644069123,
        "l": 1.3690000000000004e-05,
        "a_tpm": 0.003489522790426149,
        "a_tpw": 0.3618890555462314,
        "u": 0.24,
        "au": 39.967837545765896,
        "m_tpm": 0.015372360320882265,
        "m_tpw": 0.9537954037133624,
        "tp": 58.11194999999998
    },
    "A_0.85_1_1e-08_128_128_32_64_128_131072": {
        "e": 0.0013050165294504342,
        "a": 307.2245244982912,
        "l": 1.3690000000000004e-05,
        "a_tpm": 0.001891514035049739,
        "a_tpw": 0.3633460363374283,
        "u": 0.24,
        "au": 73.73388587958989,
        "m_tpm": 0.008332668116845727,
        "m_tpw": 0.9543033738059756,
        "tp": 58.11194999999998
    },
    "A_0.85_1_1e-08_64_32_32_64_128_131072": {
        "e": 0.0013400552365100235,
        "a": 78.2752278836864,
        "l": 1.3690000000000004e-05,
        "a_tpm": 0.0074240537614725126,
        "a_tpw": 0.3287381478713511,
        "u": 1.91,
        "au": 149.505685257841,
        "m_tpm": 0.03270511078938089,
        "m_tpw": 0.8179257925373759,
        "tp": 58.11194999999998
    },
    "A_0.85_1_1e-08_256_32_32_64_128_131072": {
        "e": 0.0013503609249366014,
        "a": 89.4524464035456,
        "l": 1.3690000000000004e-05,
        "a_tpm": 0.006496407011367844,
        "a_tpw": 0.32870326202719474,
        "u": 0.48,
        "au": 42.937174273701885,
        "m_tpm": 0.028618557713347575,
        "m_tpw": 0.8151470760087478,
        "tp": 58.11194999999998
    },