{
    "A_0.85_8_1e-08_64_32_32_64_64_131072": {
        "e": 0.0008403106735428079,
        "a": 35.069330652613125,
        "l": 8.999999999999999e-08,
        "a_tpm": 4.293025193190615,
        "a_tpw": 1.736492815184848,
        "u": 55.7,
        "au": 1953.361717350551,
        "m_tpm": 8.527130755993415,
        "m_tpw": 1.8923502784570723,
        "tp": 15055.351999999999
    },
    "A_0.85_8_1e-08_64_32_32_32_128_16384": {
        "e": 0.0007890547326044736,
        "a": 34.81677145101312,
        "l": 8.999999999999999e-08,
        "a_tpm": 4.324166593442686,
        "a_tpw": 1.8359023279762974,
        "u": 55.7,
        "au": 1939.2941698214308,
        "m_tpm": 8.588986156305378,
        "m_tpw": 1.927278271106194,
        "tp": 15055.351999999999
    },
    "A_0.85_8_1e-08_64_32_32_32_128_32768": {
        "e": 0.0007949042624481857,
        "a": 34.88455245101312,
        "l": 8.999999999999999e-08,
        "a_tpm": 4.3157646987564435,
        "a_tpw": 1.824205910747005,
        "u": 55.7,
        "au": 1943.069571521431,
        "m_tpm": 8.572297678748498,
        "m_tpw": 1.9227247982154152,
        "tp": 15055.351999999999
    },
    "A_0.85_8_1e-08_64_32_32_64_64_16384": {
        "e": 0.0007869877241418221,
        "a": 34.47440565261312,
        "l": 8.999999999999999e-08,
        "a_tpm": 4.367109951570353,
        "a_tpw": 1.8405889610802109,
        "u": 55.7,
        "au": 1920.2243948505509,
        "m_tpm": 8.67428349638083,
        "m_tpw": 1.938073917953175,
        "tp": 15055.351999999999
    },
    "A_0.85_8_1e-08_64_32_16_64_128_16384": {
        "e": 0.0007875948042457582,
        "a": 34.81377145101312,
        "l": 8.999999999999999e-08,
        "a_tpm": 4.324539218965279,
        "a_tpw": 1.838266699270769,
        "u": 55.7,
        "au": 1939.1270698214307,
        "m_tpm": 8.589726293251045,
        "m_tpw": 1.932010062032051,
        "tp": 15055.351999999999
    },
    "A_0.85_8_1e-08_64_32_32_64_64_32768": {
        "e": 0.0007925047348072943,
        "a": 34.542186652613125,
        "l": 8.999999999999999e-08,
        "a_tpm": 4.358540514939015,
        "a_tpw": 1.8291310742177238,
        "u": 55.7,
        "au": 1923.999796550551,
        "m_tpm": 8.657262234363426,
        "m_tpw": 1.9334693505819829,
        "tp": 15055.351999999999
    },
    "A_0.85_8_1e-08_64_32_16_64_128_32768": {
        "e": 0.0007929623533130222,
        "a": 34.88155245101312,
        "l": 8.999999999999999e-08,
        "a_tpm": 4.316135877594153,
        "a_tpw": 1.8273314219773986,
        "u": 55.7,
        "au": 1942.902471521431,
        "m_tpm": 8.573034942179428,
        "m_tpw": 1.9230172799563623,
        "tp": 15055.351999999999
    },
    "A_0.85_8_1e-08_64_32_32_64_64_65536": {
        "e": 0.0008181463124709872,
        "a": 34.74845965261313,
        "l": 8.999999999999999e-08,
        "a_tpm": 4.3326674478555836,
        "a_tpw": 1.7777791102290672,
        "u": 55.7,
        "au": 1935.4892026505513,
        "m_tpm": 8.605871195142653,
        "m_tpw": 1.9108643245972077,
        "tp": 15055.351999999999
    },
    "A_0.85_8_1e-08_64_32_32_32_128_131072": {
        "e": 0.0008446796014012994,
        "a": 35.41169645101312,
        "l": 8.999999999999999e-08,
        "a_tpm": 4.2515195567732444,
        "a_tpw": 1.7307589731297575,
        "u": 55.7,
        "au": 1972.431492321431,
        "m_tpm": 8.444689127324892,
        "m_tpw": 1.882056658517712,
        "tp": 15055.351999999999
    },
    "A_0.85_8_1e-08_64_32_32_64_128_16384": {
        "e": 0.0007877312517706222,
        "a": 69.52017890202625,
        "l": 7.999999999999999e-08,
        "a_tpm": 2.5682776255743502,
        "a_tpw": 1.8381506935489684,
        "u": 41.71,
        "au": 2899.686662003515,
        "m_tpm": 6.442699185674067,
        "m_tpw": 1.932010062032051,
        "tp": 17854.712000000003
    },
    "A_0.85_8_1e-08_64_32_32_64_128_32768": {
        "e": 0.0007930988008378862,
        "a": 69.58795990202626,
        "l": 7.999999999999999e-08,
        "a_tpm": 2.56577603728258,
        "a_tpw": 1.8272168439131804,
        "u": 41.71,
        "au": 2902.513807513515,
        "m_tpm": 6.436423781220208,
        "m_tpw": 1.9230172799563623,
        "tp": 17854.712000000003
    },
    "A_0.85_8_1e-08_64_32_32_64_128_65536": {
        "e": 0.0008181732520301039,
        "a": 69.79423290202624,
        "l": 7.999999999999999e-08,
        "a_tpm": 2.5581930279344967,
        "a_tpw": 1.777634443101686,
        "u": 41.71,
        "au": 2911.1174543435145,
        "m_tpm": 6.4174012862744245,
        "m_tpw": 1.9006545793550345,
        "tp": 17854.712000000003
    },
    "A_0.85_8_1e-08_64_32_32_64_128_131072": {
        "e": 0.0008397976426975727,
        "a": 70.11510390202623,
        "l": 7.999999999999999e-08,
        "a_tpm": 2.546485850602016,
        "a_tpw": 1.7377770269439958,
        "u": 41.71,
        "au": 2924.5009837535144,
        "m_tpm": 6.388033035305198,
        "m_tpw": 1.8823368974654644,
        "tp": 17854.712000000003
    },
    "A_0.85_8_1e-08_64_32_32_32_128_65536": {
        "e": 0.0008215125493598784,
        "a": 35.090825451013124,
        "l": 8.999999999999999e-08,
        "a_tpm": 4.290395511219111,
        "a_tpw": 1.7724990872445154,
        "u": 55.7,
        "au": 1954.558977621431,
        "m_tpm": 8.521907483124375,
        "m_tpw": 1.900368860075445,
        "tp": 15055.351999999999
    },
    "A_0.85_8_1e-08_64_32_16_64_128_65536": {
        "e": 0.0008180368045052398,
        "a": 35.087825451013124,
        "l": 8.999999999999999e-08,
        "a_tpm": 4.290762338925536,
        "a_tpw": 1.7777428134793591,
        "u": 55.7,
        "au": 1954.3918776214311,
        "m_tpm": 8.522636104009846,
        "m_tpw": 1.9006545793550345,
        "tp": 15055.351999999999
    }
}