{
    "A_0.75_8_8e-09_64_32_16_64_128_131072": {
        "e": 0.002269421847256761,
        "a": 35.40869645101312,
        "l": 1.68e-07,
        "a_tpm": 6.0990980755173565,
        "a_tpw": 1.544021706373609,
        "u": 43.96,
        "au": 1556.566295986537,
        "m_tpm": 8.332271717716917,
        "m_tpw": 1.9278413605563034,
        "tp": 21596.111238095233
    },
    "A_0.65_8_2e-09_64_32_16_64_128_131072": {
        "e": 0.002243443989749432,
        "a": 35.40869645101312,
        "l": 4.2e-08,
        "a_tpm": 24.396392302069426,
        "a_tpw": 1.5617753196370021,
        "u": 43.96,
        "au": 1556.566295986537,
        "m_tpm": 33.32908687086767,
        "m_tpw": 1.9530175840328778,
        "tp": 86384.44495238093
    },
    "A_0.7_8_4e-09_64_32_16_64_128_131072": {
        "e": 0.002255930437559911,
        "a": 35.40869645101312,
        "l": 8.4e-08,
        "a_tpm": 12.198196151034713,
        "a_tpw": 1.5532026730217634,
        "u": 43.96,
        "au": 1556.566295986537,
        "m_tpm": 16.664543435433835,
        "m_tpw": 1.9409744996323017,
        "tp": 43192.222476190465
    },
    "A_0.5_8_8e-09_64_32_16_64_128_131072": {
        "e": 0.0022116489535841896,
        "a": 35.40869645101312,
        "l": 1.68e-07,
        "a_tpm": 6.0990980755173565,
        "a_tpw": 1.584084498460646,
        "u": 43.96,
        "au": 1556.566295986537,
        "m_tpm": 8.332271717716917,
        "m_tpw": 1.984499944116481,
        "tp": 21596.111238095233
    },
    "A_0.85_8_1e-08_64_32_16_64_128_131072": {
        "e": 0.0022988273425055754,
        "a": 35.40869645101312,
        "l": 2.1000000000000008e-07,
        "a_tpm": 4.879278460413886,
        "a_tpw": 1.524415455940574,
        "u": 43.96,
        "au": 1556.566295986537,
        "m_tpm": 6.6658173741735345,
        "m_tpw": 1.9006111148954383,
        "tp": 17276.888990476196
    },
    "A_0.55_8_4e-09_64_32_16_64_128_131072": {
        "e": 0.002221314397039493,
        "a": 35.40869645101312,
        "l": 8.4e-08,
        "a_tpm": 12.198196151034713,
        "a_tpw": 1.5772342138632784,
        "u": 43.96,
        "au": 1556.566295986537,
        "m_tpm": 16.664543435433835,
        "m_tpw": 1.9748583157649937,
        "tp": 43192.222476190465
    },
    "A_0.65_8_8e-09_64_32_16_64_128_131072": {
        "e": 0.002243443989749432,
        "a": 35.40869645101312,
        "l": 1.68e-07,
        "a_tpm": 6.0990980755173565,
        "a_tpw": 1.5617753196370017,
        "u": 43.96,
        "au": 1556.566295986537,
        "m_tpm": 8.332271717716917,
        "m_tpw": 1.9530175840328776,
        "tp": 21596.111238095233
    },
    "A_0.75_8_6e-09_64_32_16_64_128_131072": {
        "e": 0.0022694218472567606,
        "a": 35.40869645101312,
        "l": 1.26e-07,
        "a_tpm": 8.132130767356475,
        "a_tpw": 1.544021706373609,
        "u": 43.96,
        "au": 1556.566295986537,
        "m_tpm": 11.109695623622555,
        "m_tpw": 1.9278413605563036,
        "tp": 28794.814984126977
    },
    "A_0.85_8_8e-09_64_32_16_64_128_131072": {
        "e": 0.002298827342505575,
        "a": 35.40869645101312,
        "l": 1.68e-07,
        "a_tpm": 6.0990980755173565,
        "a_tpw": 1.524415455940574,
        "u": 43.96,
        "au": 1556.566295986537,
        "m_tpm": 8.332271717716917,
        "m_tpw": 1.9006111148954385,
        "tp": 21596.111238095233
    },
    "A_0.5_8_4e-09_64_32_16_64_128_131072": {
        "e": 0.002211648953584189,
        "a": 35.40869645101312,
        "l": 8.4e-08,
        "a_tpm": 12.198196151034713,
        "a_tpw": 1.5840844984606464,
        "u": 43.96,
        "au": 1556.566295986537,
        "m_tpm": 16.664543435433835,
        "m_tpw": 1.9844999441164812,
        "tp": 43192.222476190465
    },
    "A_0.55_8_1e-08_64_32_16_64_128_131072": {
        "e": 0.002221314397039493,
        "a": 35.40869645101312,
        "l": 2.1000000000000008e-07,
        "a_tpm": 4.879278460413886,
        "a_tpw": 1.577234213863278,
        "u": 43.96,
        "au": 1556.566295986537,
        "m_tpm": 6.6658173741735345,
        "m_tpw": 1.9748583157649933,
        "tp": 17276.888990476196
    },
    "A_0.75_8_2e-09_64_32_16_64_128_131072": {
        "e": 0.0022694218472567606,
        "a": 35.40869645101312,
        "l": 4.2e-08,
        "a_tpm": 24.396392302069426,
        "a_tpw": 1.544021706373609,
        "u": 43.96,
        "au": 1556.566295986537,
        "m_tpm": 33.32908687086767,
        "m_tpw": 1.927841360556304,
        "tp": 86384.44495238093
    },
    "A_0.8_8_4e-09_64_32_16_64_128_131072": {
        "e": 0.0022835881520712913,
        "a": 35.40869645101312,
        "l": 8.4e-08,
        "a_tpm": 12.198196151034713,
        "a_tpw": 1.53451877151082,
        "u": 43.96,
        "au": 1556.566295986537,
        "m_tpm": 16.664543435433835,
        "m_tpw": 1.9145937997794387,
        "tp": 43192.222476190465
    },
    "A_0.55_8_8e-09_64_32_16_64_128_131072": {
        "e": 0.002221314397039493,
        "a": 35.40869645101312,
        "l": 1.68e-07,
        "a_tpm": 6.0990980755173565,
        "a_tpw": 1.577234213863278,
        "u": 43.96,
        "au": 1556.566295986537,
        "m_tpm": 8.332271717716917,
        "m_tpw": 1.9748583157649935,
        "tp": 21596.111238095233
    },
    "A_0.85_8_2e-09_64_32_16_64_128_131072": {
        "e": 0.0022988273425055745,
        "a": 35.40869645101312,
        "l": 4.2e-08,
        "a_tpm": 24.396392302069426,
        "a_tpw": 1.5244154559405745,
        "u": 43.96,
        "au": 1556.566295986537,
        "m_tpm": 33.32908687086767,
        "m_tpw": 1.9006111148954388,
        "tp": 86384.44495238093
    },
    "A_0.65_8_4e-09_64_32_16_64_128_131072": {
        "e": 0.002243443989749432,
        "a": 35.40869645101312,
        "l": 8.4e-08,
        "a_tpm": 12.198196151034713,
        "a_tpw": 1.5617753196370021,
        "u": 43.96,
        "au": 1556.566295986537,
        "m_tpm": 16.664543435433835,
        "m_tpw": 1.9530175840328778,
        "tp": 43192.222476190465
    },
    "A_0.65_8_6e-09_64_32_16_64_128_131072": {
        "e": 0.002243443989749432,
        "a": 35.40869645101312,
        "l": 1.26e-07,
        "a_tpm": 8.132130767356475,
        "a_tpw": 1.5617753196370021,
        "u": 43.96,
        "au": 1556.566295986537,
        "m_tpm": 11.109695623622555,
        "m_tpw": 1.9530175840328776,
        "tp": 28794.814984126977
    },
    "A_0.75_8_1e-08_64_32_16_64_128_131072": {
        "e": 0.002269421847256761,
        "a": 35.40869645101312,
        "l": 2.1000000000000008e-07,
        "a_tpm": 4.879278460413886,
        "a_tpw": 1.544021706373609,
        "u": 43.96,
        "au": 1556.566295986537,
        "m_tpm": 6.6658173741735345,
        "m_tpw": 1.9278413605563032,
        "tp": 17276.888990476196
    },
    "A_0.7_8_2e-09_64_32_16_64_128_131072": {
        "e": 0.002255930437559911,
        "a": 35.40869645101312,
        "l": 4.2e-08,
        "a_tpm": 24.396392302069426,
        "a_tpw": 1.5532026730217634,
        "u": 43.96,
        "au": 1556.566295986537,
        "m_tpm": 33.32908687086767,
        "m_tpw": 1.9409744996323017,
        "tp": 86384.44495238093
    },
    "A_0.55_8_6e-09_64_32_16_64_128_131072": {
        "e": 0.002221314397039493,
        "a": 35.40869645101312,
        "l": 1.26e-07,
        "a_tpm": 8.132130767356475,
        "a_tpw": 1.577234213863278,
        "u": 43.96,
        "au": 1556.566295986537,
        "m_tpm": 11.109695623622555,
        "m_tpw": 1.9748583157649935,
        "tp": 28794.814984126977
    },
    "A_0.6_8_2e-09_64_32_16_64_128_131072": {
        "e": 0.0022319089451008,
        "a": 35.40869645101312,
        "l": 4.2e-08,
        "a_tpm": 24.396392302069426,
        "a_tpw": 1.5697910138505549,
        "u": 43.96,
        "au": 1556.566295986537,
        "m_tpm": 33.32908687086767,
        "m_tpw": 1.9643216333098663,
        "tp": 86384.44495238093
    },