{
    "A_0.85_8_1e-08_256_64_32_64_128_131072": {
        "e": 0.0008169086901032716,
        "a": 143.6415919499699,
        "l": 7.999999999999999e-08,
        "a_tpm": 1.2430043246957863,
        "a_tpw": 1.7809138167491398,
        "u": 5.21,
        "au": 748.3726940593432,
        "m_tpm": 3.1181609304079694,
        "m_tpw": 1.9172127297526385,
        "tp": 17854.712000000003
    },
    "A_0.85_8_1e-08_512_64_32_64_128_131072": {
        "e": 0.0008160173500607367,
        "a": 149.30294214729983,
        "l": 7.999999999999999e-08,
        "a_tpm": 1.1958714103828467,
        "a_tpw": 1.7835972354621323,
        "u": 2.61,
        "au": 389.68067900445254,
        "m_tpm": 2.999924807631129,
        "m_tpw": 1.920133270152244,
        "tp": 17854.712000000003
    },
    "A_0.85_8_1e-08_32_64_32_64_128_131072": {
        "e": 0.0008330501004694656,
        "a": 138.17080581562624,
        "l": 7.999999999999999e-08,
        "a_tpm": 1.292220298970041,
        "a_tpw": 1.7469762633628667,
        "u": 41.71,
        "au": 5763.104310569771,
        "m_tpm": 3.2416225508423984,
        "m_tpw": 1.875148811809704,
        "tp": 17854.712000000003
    },
    "A_0.85_8_1e-08_64_32_32_64_128_131072": {
        "e": 0.0008397976426975727,
        "a": 70.11510390202623,
        "l": 7.999999999999999e-08,
        "a_tpm": 2.546485850602016,
        "a_tpw": 1.7377770269439958,
        "u": 41.71,
        "au": 2924.5009837535144,
        "m_tpm": 6.388033035305198,
        "m_tpw": 1.8823368974654644,
        "tp": 17854.712000000003
    },
    "A_0.85_8_1e-08_256_512_32_64_128_131072": {
        "e": 0.0008798613031172833,
        "a": 1104.8826635194393,
        "l": 7.999999999999999e-08,
        "a_tpm": 0.16159826368463842,
        "a_tpw": 1.7143952209658113,
        "u": 0.65,
        "au": 718.1737312876356,
        "m_tpm": 0.4053802406250894,
        "m_tpw": 1.9531513675434617,
        "tp": 17854.712000000003
    },
    "A_0.85_8_1e-08_32_32_32_64_128_131072": {
        "e": 0.0008423809257300957,
        "a": 69.02434616877312,
        "l": 8.999999999999999e-08,
        "a_tpm": 2.1811654634421003,
        "a_tpw": 1.7244325562653275,
        "u": 55.7,
        "au": 3844.656081600663,
        "m_tpm": 4.3323955183698235,
        "m_tpw": 1.8462833518532773,
        "tp": 15055.351999999999
    },
    "A_0.85_8_1e-08_512_256_32_64_128_131072": {
        "e": 0.0008290417681046569,
        "a": 567.5977894432793,
        "l": 7.999999999999999e-08,
        "a_tpm": 0.31456627090659667,
        "a_tpw": 1.7707129385351934,
        "u": 0.65,
        "au": 368.9385631381316,
        "m_tpm": 0.7891108956560848,
        "m_tpw": 1.9420185956514695,
        "tp": 17854.712000000003
    },
    "A_0.85_8_1e-08_512_128_32_64_128_131072": {
        "e": 0.0008227995816588084,
        "a": 288.73489875443966,
        "l": 7.999999999999999e-08,
        "a_tpm": 0.6183773446515344,
        "a_tpw": 1.7795876419100765,
        "u": 1.3,
        "au": 375.35536838077155,
        "m_tpm": 1.551241647380227,
        "m_tpw": 1.9375432769666345,
        "tp": 17854.712000000003
    },
    "A_0.85_8_1e-08_64_64_32_64_128_131072": {
        "e": 0.0008249259209533033,
        "a": 139.39350494421248,
        "l": 7.999999999999999e-08,
        "a_tpm": 1.2808855051851766,
        "a_tpw": 1.7622673259219999,
        "u": 20.86,
        "au": 2907.7485131362723,
        "m_tpm": 3.2131884493417093,
        "m_tpw": 1.8990587960757237,
        "tp": 17854.712000000003
    },
    "A_0.85_8_1e-08_128_32_32_64_128_131072": {
        "e": 0.0008303008599312304,
        "a": 71.26759357653248,
        "l": 7.999999999999999e-08,
        "a_tpm": 2.5053058625904456,
        "a_tpw": 1.7532269915065775,
        "u": 20.86,
        "au": 1486.6420020064675,
        "m_tpm": 6.284730233230256,
        "m_tpw": 1.8963630608622704,
        "tp": 17854.712000000003
    },
    "A_0.85_8_1e-08_128_64_32_64_128_131072": {
        "e": 0.0008236731658577513,
        "a": 140.80987740938497,
        "l": 7.999999999999999e-08,
        "a_tpm": 1.2680013880056105,
        "a_tpw": 1.7658445552301627,
        "u": 10.43,
        "au": 1468.6470213798852,
        "m_tpm": 3.180867764679608,
        "m_tpw": 1.9111148728646878,
        "tp": 17854.712000000003
    },
    "A_0.85_8_1e-08_256_256_32_64_128_131072": {
        "e": 0.0008292354558395023,
        "a": 555.6032522699596,
        "l": 7.999999999999999e-08,
        "a_tpm": 0.32135722616909107,
        "a_tpw": 1.7700644331321518,
        "u": 1.3,
        "au": 722.2842279509475,
        "m_tpm": 0.8061464690317777,
        "m_tpw": 1.9408848099460754,
        "tp": 17854.712000000003
    },
    "A_0.85_8_1e-08_512_512_32_64_128_131072": {
        "e": 0.0008808842926855948,
        "a": 1125.3214499940786,
        "l": 7.999999999999999e-08,
        "a_tpm": 0.15866321574243475,
        "a_tpw": 1.7159190544762908,
        "u": 0.33,
        "au": 371.356078498046,
        "m_tpm": 0.398017473142769,
        "m_tpw": 1.9631725169417074,
        "tp": 17854.712000000003
    },
    "A_0.85_8_1e-08_128_256_32_64_128_131072": {
        "e": 0.0008307550968517102,
        "a": 549.6049442413798,
        "l": 7.999999999999999e-08,
        "a_tpm": 0.3248644719644012,
        "a_tpw": 1.76507181228285,
        "u": 2.61,
        "au": 1434.4689044700012,
        "m_tpm": 0.8149446337645916,
        "m_tpw": 1.9383701265963484,
        "tp": 17854.712000000003
    },
    "A_0.85_8_1e-08_64_128_32_64_128_131072": {
        "e": 0.0008284505365074416,
        "a": 275.1311024820249,
        "l": 7.999999999999999e-08,
        "a_tpm": 0.6489528751540004,
        "a_tpw": 1.763829612921787,
        "u": 10.43,
        "au": 2869.61739888752,
        "m_tpm": 1.627942446198944,
        "m_tpw": 1.9150725092413736,
        "tp": 17854.712000000003
    },
    "A_0.85_8_1e-08_64_512_32_64_128_131072": {
        "e": 0.0008803294751097495,
        "a": 1089.5514993056997,
        "l": 7.999999999999999e-08,
        "a_tpm": 0.16387212546977029,
        "a_tpw": 1.7105123375662712,
        "u": 2.61,
        "au": 2843.729413187876,
        "m_tpm": 0.4110843776410899,
        "m_tpw": 1.9473025653296636,
        "tp": 17854.712000000003
    },
    "A_0.85_8_1e-08_64_256_32_64_128_131072": {
        "e": 0.0008327195827969069,
        "a": 546.6052750322099,
        "l": 7.999999999999999e-08,
        "a_tpm": 0.32664726843237785,
        "a_tpw": 1.7599916076248154,
        "u": 5.21,
        "au": 2847.8134829178134,
        "m_tpm": 0.8194169000173053,
        "m_tpw": 1.9332607458365296,
        "tp": 17854.712000000003
    },
    "A_0.85_8_1e-08_512_32_32_64_128_131072": {
        "e": 0.0008237574313124821,
        "a": 78.1773615704499,
        "l": 7.999999999999999e-08,
        "a_tpm": 2.2838724205229335,
        "a_tpw": 1.7679520480610684,
        "u": 5.21,
        "au": 407.304053782044,
        "m_tpm": 5.729249376066178,
        "m_tpw": 1.9065629203589927,
        "tp": 17854.712000000003
    },
    "A_0.85_8_1e-08_128_128_32_64_128_131072": {
        "e": 0.000824106601844048,
        "a": 277.0752405285299,
        "l": 7.999999999999999e-08,
        "a_tpm": 0.6443994045062115,
        "a_tpw": 1.7728354482002773,
        "u": 5.21,
        "au": 1443.5620031536407,
        "m_tpm": 1.616519755231904,
        "m_tpw": 1.92256203138704,
        "tp": 17854.712000000003
    },
    "A_0.85_8_1e-08_32_128_32_64_128_131072": {
        "e": 0.0008307074587297061,
        "a": 273.64452056277247,
        "l": 7.999999999999999e-08,
        "a_tpm": 0.6524783307657802,
        "a_tpw": 1.7578475085221663,
        "u": 20.86,
        "au": 5708.224698939433,
        "m_tpm": 1.6367862914954838,
        "m_tpw": 1.9004881304937775,
        "tp": 17854.712000000003
    },
    "A_0.85_8_1e-08_256_32_32_64_128_131072": {
        "e": 0.0008287885923463333,
        "a": 73.57154253578496,