{
    "A_0.7_1_1e-09_256_256_1_32_64_32768": {
        "resnet18": {
            "e": 0.0018904688710354208,
            "a": 5.1342682705216,
            "l": 6.029999999999999e-07,
            "a_tpm": 16.2885123983707,
            "a_tpw": 2.5155494876444005,
            "u": 49.22,
            "au": 252.70868427507315,
            "m_tpm": 32.16635970274728,
            "m_tpw": 4.897136624627033,
            "tp": 8362.959238095236
        },
        "vgg16": {
            "e": 0.013734842713767934,
            "a": 5.1342682705216,
            "l": 1.8990000000000002e-06,
            "a_tpm": 36.89568016685563,
            "a_tpw": 4.78271016561842,
            "u": 100.0,
            "au": 513.42682705216,
            "m_tpm": 65.35387368177224,
            "m_tpw": 8.983065269083768,
            "tp": 18943.231999999996
        }
    }
}