{
    "A_0.7_1_4e-09_256_32_1_16_8_4096": {
        "e": 0.00263147363638444,
        "a": 0.0736902366272,
        "l": 9.781999999999998e-05,
        "a_tpm": 5.288753865470281,
        "a_tpw": 1.6098825464457132,
        "u": 100.0,
        "au": 7.369023662720001,
        "m_tpm": 8.893444097831791,
        "m_tpw": 2.498992406261795,
        "tp": 38.97295238095238
    },
    "A_0.7_1_4e-09_256_32_8_8_32_131072": {
        "e": 0.0028458565809419065,
        "a": 1.4190003201152,
        "l": 6.78e-06,
        "a_tpm": 3.476389698656034,
        "a_tpw": 1.2393559498134445,
        "u": 56.25,
        "au": 79.81876800648,
        "m_tpm": 4.1566163984523685,
        "m_tpw": 1.7595403686420068,
        "tp": 493.2998095238095
    },
    "A_0.7_1_4e-09_256_32_1_4_4_16384": {
        "e": 0.029336732044552977,
        "a": 0.1131269122384,
        "l": 0.000722976,
        "a_tpm": 0.4707195325441595,
        "a_tpw": 1.1069006454896646,
        "u": 100.0,
        "au": 11.31269122384,
        "m_tpm": 0.7241424553988041,
        "m_tpw": 2.0908011173776413,
        "tp": 5.325104724702382
    },
    "A_0.7_1_4e-09_256_32_1_8_8_131072": {
        "e": 0.004252375469942799,
        "a": 0.7248005183136,
        "l": 0.00018544799999999998,
        "a_tpm": 0.28419195435692246,
        "a_tpw": 1.0586059779697754,
        "u": 100.0,
        "au": 72.48005183136,
        "m_tpm": 0.4520968069427103,
        "m_tpw": 1.6834962418976698,
        "tp": 20.59824758184524
    },
    "A_0.7_1_4e-09_256_32_2_8_32_65536": {
        "e": 0.00271723903278121,
        "a": 0.5605958300288,
        "l": 2.3551999999999997e-05,
        "a_tpm": 2.8413849802392215,
        "a_tpw": 1.3802050670979298,
        "u": 97.66,
        "au": 54.74778876061261,
        "m_tpm": 4.566569822448523,
        "m_tpw": 2.0586948730921666,
        "tp": 159.28685714285717
    },
    "A_0.7_1_4e-09_256_32_16_8_64_32768": {
        "e": 0.0031417560628776145,
        "a": 3.0488659540608,
        "l": 2.6919999999999994e-06,
        "a_tpm": 4.92286585287468,
        "a_tpw": 1.2233110319481244,
        "u": 65.62,
        "au": 200.0665839054697,
        "m_tpm": 9.02798627907506,
        "m_tpw": 1.9634231544450644,
        "tp": 1500.9158095238092
    },
    "A_0.7_1_4e-09_256_32_32_8_16_16384": {
        "e": 0.002686054959488697,
        "a": 1.5415141794303997,
        "l": 3.8119999999999992e-06,
        "a_tpm": 5.72816626770977,
        "a_tpw": 1.3393911733566037,
        "u": 56.25,
        "au": 86.71017259295998,
        "m_tpm": 7.652527727223943,
        "m_tpw": 2.0839557414481122,
        "tp": 883.0049523809522
    },
    "A_0.7_1_4e-09_256_32_16_4_64_65536": {
        "e": 0.002906824626971607,
        "a": 1.8197784770303997,
        "l": 3.6159999999999993e-06,
        "a_tpm": 5.212397906413456,
        "a_tpw": 1.2137725980566156,
        "u": 65.62,
        "au": 119.41386366273484,
        "m_tpm": 7.562766662928332,
        "m_tpw": 1.7671261383119734,
        "tp": 948.5409523809523
    },
    "A_0.7_1_4e-09_256_32_2_64_4_4096": {
        "e": 0.002458411410644043,
        "a": 0.2076428916288,
        "l": 2.4336e-05,
        "a_tpm": 7.365235395804361,
        "a_tpw": 1.5870385298186522,
        "u": 97.66,
        "au": 20.278404796468607,
        "m_tpm": 12.328859321495445,
        "m_tpw": 2.4410706027921156,
        "tp": 152.93387751116066
    },
    "A_0.7_1_4e-09_256_32_4_8_128_16384": {
        "e": 0.0027025064647773394,
        "a": 1.5537312322304,
        "l": 3.8119999999999992e-06,
        "a_tpm": 5.683125459950933,
        "a_tpw": 1.352901350317642,
        "u": 56.25,
        "au": 87.39738181296,
        "m_tpm": 7.592355585892426,
        "m_tpw": 2.010049604808167,
        "tp": 883.0049523809522
    },
    "A_0.7_1_4e-09_256_32_16_4_32_131072": {
        "e": 0.0028520825035214027,
        "a": 1.4205003201152,
        "l": 6.724e-06,
        "a_tpm": 3.530388571001092,
        "a_tpw": 1.2130956115513487,
        "u": 65.62,
        "au": 93.21323100595943,
        "m_tpm": 4.844265011810727,
        "m_tpw": 1.6593813189240625,
        "tp": 501.4918095238095
    },
    "A_0.7_1_4e-09_256_32_16_16_4_8192": {
        "e": 0.0025458137775939927,
        "a": 0.4069938832576,
        "l": 1.252e-05,
        "a_tpm": 7.162776186736835,
        "a_tpw": 1.479478748607135,
        "u": 87.5,
        "au": 35.61196478504,
        "m_tpm": 11.271717312509105,
        "m_tpw": 2.27995680849822,
        "tp": 291.520609514509
    },
    "A_0.7_1_4e-09_256_32_1_16_16_16384": {
        "e": 0.002431004587788862,
        "a": 0.1968108862144,
        "l": 4.9399999999999995e-05,
        "a_tpm": 3.831611511170981,
        "a_tpw": 1.5959380197288011,
        "u": 97.66,
        "au": 19.220551147698302,
        "m_tpm": 6.50370528084308,
        "m_tpw": 2.389494482370501,
        "tp": 75.41028571428572
    },
    "A_0.7_1_4e-09_256_32_32_8_64_32768": {
        "e": 0.003299749314502329,
        "a": 5.922586908121599,
        "l": 2.4119999999999995e-06,
        "a_tpm": 3.530112503130673,
        "a_tpw": 1.1885172185681119,
        "u": 49.22,
        "au": 291.5097276177451,
        "m_tpm": 6.971224000678235,
        "m_tpw": 1.9634231544450644,
        "tp": 2090.739809523809
    },
    "A_0.7_1_4e-09_256_32_32_8_4_8192": {
        "e": 0.0025298731333573384,
        "a": 0.40999388325759994,
        "l": 1.2183999999999999e-05,
        "a_tpm": 7.350134277424518,
        "a_tpw": 1.4763044580380453,
        "u": 87.5,
        "au": 35.87446478504,
        "m_tpm": 11.18924010170574,
        "m_tpw": 2.245874777209222,
        "tp": 301.3510094866072
    },
    "A_0.7_1_4e-09_256_32_16_64_64_32768": {
        "e": 0.0034090810177539277,
        "a": 23.143912632486398,
        "l": 2.3279999999999996e-06,
        "a_tpm": 1.158215489355583,
        "a_tpw": 1.196987592358148,
        "u": 24.61,
        "au": 569.5716898854903,
        "m_tpm": 3.567908387456125,
        "m_tpw": 2.012151463172155,
        "tp": 2680.563809523809
    },
    "A_0.7_1_4e-09_256_32_1_16_16_4096": {
        "e": 0.0023339082564658793,
        "a": 0.11830158621439998,
        "l": 4.9399999999999995e-05,
        "a_tpm": 6.374410363155939,
        "a_tpw": 1.681439149012776,
        "u": 97.66,
        "au": 11.553332909698302,
        "m_tpm": 10.819804205162846,
        "m_tpw": 2.527564608595499,
        "tp": 75.41028571428572
    },
    "A_0.7_1_4e-09_256_32_8_8_64_16384": {
        "e": 0.0027004040489677626,
        "a": 1.5442244770304,
        "l": 3.8119999999999992e-06,
        "a_tpm": 5.7181126547029155,
        "a_tpw": 1.3461003789234474,
        "u": 56.25,
        "au": 86.86262683295999,
        "m_tpm": 7.639096631006045,
        "m_tpw": 2.040072907309532,
        "tp": 883.0049523809522
    },
    "A_0.7_1_4e-09_256_32_4_4_16_2048": {
        "e": 0.0023191469546694245,
        "a": 0.0986413862144,
        "l": 4.9399999999999995e-05,
        "a_tpm": 7.644893143571525,
        "a_tpw": 1.6900165494203523,
        "u": 97.66,
        "au": 9.633317777698304,
        "m_tpm": 12.976297770368735,
        "m_tpw": 2.553004457341542,
        "tp": 75.41028571428572
    },
    "A_0.7_1_4e-09_256_32_2_4_4_4096": {
        "e": 0.0028029629018499025,
        "a": 0.0403805244768,
        "l": 0.000361488,
        "a_tpm": 2.6374618921860886,
        "a_tpw": 1.5050271327730613,
        "u": 100.0,
        "au": 4.03805244768,
        "m_tpm": 4.057401485563461,
        "m_tpw": 2.389208027616645,
        "tp": 10.650209449404764
    },
    "A_0.7_1_4e-09_256_32_8_16_4_8192": {
        "e": 0.0025253428180238603,
        "a": 0.22708069162879999,
        "l": 2.4336e-05,
        "a_tpm": 6.734781209895015,
        "a_tpw": 1.5325826544572767,
        "u": 97.66,
        "au": 22.176700344468607,
        "m_tpm": 11.27352564252681,
        "m_tpw": 2.343000239923225,
        "tp": 152.93387751116066
    },