{
    "A_0.7_1_4e-09_32_64_8_32_32_16384": {
        "e": 0.004706899806710149,
        "a": 4.7269449469952,
        "l": 2.4e-06,
        "a_tpm": 1.5915244737762706,
        "a_tpw": 1.8361340942383102,
        "u": 100.0,
        "au": 472.69449469952,
        "m_tpm": 2.2182953509254495,
        "m_tpw": 3.95741943327221,
        "tp": 752.3048569335937
    },
    "A_0.7_1_4e-09_64_64_8_32_32_16384": {
        "e": 0.004771973697518306,
        "a": 4.8157607624704,
        "l": 1.332e-06,
        "a_tpm": 2.957065498555801,
        "a_tpw": 1.6481461678033285,
        "u": 100.0,
        "au": 481.57607624703996,
        "m_tpm": 4.354767820576281,
        "m_tpw": 3.761905679093194,
        "tp": 1424.052
    },
    "A_0.7_1_4e-09_128_32_8_32_32_16384": {
        "e": 0.0051448159994203334,
        "a": 2.6766674018303998,
        "l": 1.332e-06,
        "a_tpm": 5.3202426234435505,
        "a_tpw": 1.0436200501083648,
        "u": 100.0,
        "au": 267.66674018303996,
        "m_tpm": 7.834936826913545,
        "m_tpw": 2.0534569043463637,
        "tp": 1424.052
    },
    "A_0.7_1_4e-09_256_32_8_32_32_16384": {
        "e": 0.005586285491152493,
        "a": 2.9697092804608,
        "l": 7.799999999999999e-07,
        "a_tpm": 8.283016846583347,
        "a_tpw": 0.9408107035756956,
        "u": 100.0,
        "au": 296.97092804607996,
        "m_tpm": 14.123618185781414,
        "m_tpw": 1.8633399638422607,
        "tp": 2459.8151999511715
    },
    "A_0.7_1_4e-09_64_32_8_32_32_16384": {
        "e": 0.005053134526441213,
        "a": 2.5325837258751998,
        "l": 2.4e-06,
        "a_tpm": 2.9705034003312774,
        "a_tpw": 1.1044376428006857,
        "u": 100.0,
        "au": 253.25837258751997,
        "m_tpm": 4.140340906745886,
        "m_tpw": 2.0145589759722746,
        "tp": 752.3048569335937
    },
    "A_0.7_1_4e-09_32_32_8_32_32_16384": {
        "e": 0.004997399566196272,
        "a": 2.4530723250176005,
        "l": 4.644e-06,
        "a_tpm": 1.5723041162610867,
        "a_tpw": 1.1528586720076999,
        "u": 100.0,
        "au": 245.30723250176004,
        "m_tpm": 2.1372708609243234,
        "m_tpw": 2.1499413839981067,
        "tp": 385.6975714111328
    }
}