{
    "A_0.75_1_2e-09_16_32_8_32_4_8192": {
        "e": 0.0007874689275500954,
        "a": 0.3359760582336,
        "l": 1.4221999999999994e-05,
        "a_tpm": 0.9542328006512039,
        "a_tpw": 0.7182734345177809,
        "u": 97.66,
        "au": 32.81142184709338,
        "m_tpm": 1.9048976387329835,
        "m_tpw": 1.72405802986234,
        "tp": 32.059937500000004
    },
    "A_0.65_1_6e-09_32_64_6_8_2_131072": {
        "e": 0.0014133964801682887,
        "a": 0.7575189582976001,
        "l": 0.00018588600000000002,
        "a_tpm": 0.052750968763695415,
        "a_tpw": 0.47651477158309496,
        "u": 100.0,
        "au": 75.75189582976,
        "m_tpm": 0.10814250798963738,
        "m_tpw": 1.5116715556140337,
        "tp": 3.995985890706381
    },
    "A_0.7_1_1e-08_256_256_8_32_64_262144": {
        "e": 0.0014784792263370997,
        "a": 40.974136164172805,
        "l": 1.3690000000000004e-05,
        "a_tpm": 0.01418259307948809,
        "a_tpw": 0.38570788737626743,
        "u": 0.95,
        "au": 38.92542935596416,
        "m_tpm": 0.06247843736699512,
        "m_tpw": 1.2765940063400765,
        "tp": 58.11194999999998
    }
}