{
    "A_0.75_1_2e-09_16_32_8_32_4_8192": {
        "e": 0.005223704533025602,
        "a": 0.3359760582336,
        "l": 3.6065999999999997e-05,
        "a_tpm": 1.448979851784612,
        "a_tpw": 1.0828482080072934,
        "u": 100.0,
        "au": 33.59760582336,
        "m_tpm": 1.9506151820625746,
        "m_tpw": 2.0581351727858817,
        "tp": 48.68225390624999
    },
    "A_0.65_1_6e-09_32_64_6_8_2_131072": {
        "e": 0.0057071772703815036,
        "a": 0.7575189582976001,
        "l": 0.00031381199999999996,
        "a_tpm": 0.07635206561300194,
        "a_tpw": 0.6127160053885812,
        "u": 100.0,
        "au": 75.75189582976,
        "m_tpm": 0.10814250798963738,
        "m_tpw": 1.3578229144474407,
        "tp": 5.783813720703125
    }
}