{
    "A_0.75_8_1e-09_512_128_4_64_128_131072": {
        "e": 0.002255301849166905,
        "a": 36.706365219304956,
        "l": 2.1e-08,
        "a_tpm": 47.06782839230773,
        "a_tpw": 1.567675734081728,
        "u": 5.5,
        "au": 201.88500870617725,
        "m_tpm": 64.3016279573947,
        "m_tpw": 2.0152490834969607,
        "tp": 172768.88990476186
    },
    "A_0.5_2_4e-09_512_512_8_32_32_16384": {
        "e": 0.007586158354628608,
        "a": 35.21827302506496,
        "l": 8.8e-08,
        "a_tpm": 11.86523099711628,
        "a_tpw": 0.47327227962746576,
        "u": 21.53,
        "au": 758.2494182296487,
        "m_tpm": 16.412716193909223,
        "m_tpw": 0.5249355295180067,
        "tp": 41787.29447619047
    },
    "A_0.55_4_1e-09_512_512_32_4_64_32768": {
        "e": 0.003975779362409546,
        "a": 35.30081168906496,
        "l": 2.2e-08,
        "a_tpm": 47.349953133383394,
        "a_tpw": 0.9050360112798667,
        "u": 10.77,
        "au": 380.1897418912296,
        "m_tpm": 65.49736307384163,
        "m_tpw": 1.0488030019728907,
        "tp": 167149.1779047619
    }
}