{
    "A_0.85_8_1e-08_64_32_32_64_64_131072": {
        "e": 0.01837322865462856,
        "a": 35.069330652613125,
        "l": 1.0999999999999998e-06,
        "a_tpm": 6.836444412769108,
        "a_tpw": 1.6798518863626997,
        "u": 68.91,
        "au": 2416.6275752715705,
        "m_tpm": 10.548750315806494,
        "m_tpw": 1.8986535781691165,
        "tp": 23974.952959960938
    },
    "A_0.85_8_1e-08_64_32_32_32_128_16384": {
        "e": 0.016946811297439728,
        "a": 34.81677145101312,
        "l": 1.07e-06,
        "a_tpm": 7.170641113322986,
        "a_tpw": 1.8039209578828974,
        "u": 98.44,
        "au": 3427.362981637731,
        "m_tpm": 15.178957783135344,
        "m_tpw": 1.9672201322475533,
        "tp": 24965.857279980468
    },
    "A_0.85_8_1e-08_64_32_32_32_128_32768": {
        "e": 0.017117733766961754,
        "a": 34.88455245101312,
        "l": 1.07e-06,
        "a_tpm": 7.1567084929752065,
        "a_tpw": 1.7863908539056024,
        "u": 98.44,
        "au": 3434.0353432777315,
        "m_tpm": 15.149464931279397,
        "m_tpw": 1.957656975899206,
        "tp": 24965.857279980468
    },
    "A_0.85_8_1e-08_64_32_32_64_64_16384": {
        "e": 0.016861158947319498,
        "a": 34.47440565261312,
        "l": 1.0999999999999998e-06,
        "a_tpm": 6.954420970022918,
        "a_tpw": 1.811377093212731,
        "u": 68.91,
        "au": 2375.63129352157,
        "m_tpm": 10.73079015558994,
        "m_tpw": 1.975147899074682,
        "tp": 23974.952959960938
    },
    "A_0.85_8_1e-08_64_32_16_64_128_16384": {
        "e": 0.016893754189995735,
        "a": 34.81377145101312,
        "l": 9.600000000000001e-07,
        "a_tpm": 7.965851065278471,
        "a_tpw": 1.8067186110288205,
        "u": 98.44,
        "au": 3427.0676616377314,
        "m_tpm": 15.180265796356878,
        "m_tpw": 1.96724985395137,
        "tp": 27732.1318399414
    },
    "A_0.85_8_1e-08_64_32_32_64_64_32768": {
        "e": 0.017017591700423135,
        "a": 34.542186652613125,
        "l": 1.0999999999999998e-06,
        "a_tpm": 6.940774537835239,
        "a_tpw": 1.7943623244591433,
        "u": 68.91,
        "au": 2380.3020822315702,
        "m_tpm": 10.709733478001723,
        "m_tpw": 1.9655076985005526,
        "tp": 23974.952959960938
    },
    "A_0.85_8_1e-08_64_32_16_64_128_32768": {
        "e": 0.017042367941715295,
        "a": 34.88155245101312,
        "l": 9.600000000000001e-07,
        "a_tpm": 7.950372013656154,
        "a_tpw": 1.7906031274792131,
        "u": 98.44,
        "au": 3433.740023277732,
        "m_tpm": 15.150767866257926,
        "m_tpw": 1.9591592103679327,
        "tp": 27732.1318399414
    },
    "A_0.85_8_1e-08_64_32_32_64_64_65536": {
        "e": 0.01774760140459741,
        "a": 34.74845965261313,
        "l": 1.0999999999999998e-06,
        "a_tpm": 6.899572873054819,
        "a_tpw": 1.727257737788882,
        "u": 68.91,
        "au": 2394.5163546615704,
        "m_tpm": 10.646158606603308,
        "m_tpw": 1.92672881523133,
        "tp": 23974.952959960938
    },
    "A_0.85_8_1e-08_64_32_32_32_128_131072": {
        "e": 0.018566654189612994,
        "a": 35.41169645101312,
        "l": 1.07e-06,
        "a_tpm": 7.050172621500095,
        "a_tpw": 1.6698092224900836,
        "u": 98.44,
        "au": 3485.9273986377316,
        "m_tpm": 14.923947649079102,
        "m_tpw": 1.8882914569706406,
        "tp": 24965.857279980468
    },
    "A_0.85_8_1e-08_64_32_32_64_128_16384": {
        "e": 0.016895531784647682,
        "a": 69.52017890202625,
        "l": 5.300000000000001e-07,
        "a_tpm": 6.8952023250005725,
        "a_tpw": 1.806643704817726,
        "u": 86.13,
        "au": 5987.77300883152,
        "m_tpm": 13.30324585762889,
        "m_tpw": 1.96724985395137,
        "tp": 47935.569919970694
    },
    "A_0.85_8_1e-08_64_32_32_64_128_32768": {
        "e": 0.017044145536367475,
        "a": 69.58795990202626,
        "l": 5.300000000000001e-07,
        "a_tpm": 6.88848616735708,
        "a_tpw": 1.7905289209909905,
        "u": 86.13,
        "au": 5993.610986361521,
        "m_tpm": 13.290288051296509,
        "m_tpw": 1.9591592103679327,
        "tp": 47935.569919970694
    },
    "A_0.85_8_1e-08_64_32_32_64_128_65536": {
        "e": 0.017749373037653355,
        "a": 69.79423290202624,
        "l": 5.300000000000001e-07,
        "a_tpm": 6.868127627000405,
        "a_tpw": 1.7263605275744314,
        "u": 86.13,
        "au": 6011.377279851519,
        "m_tpm": 13.251009339098994,
        "m_tpw": 1.9251715096794537,
        "tp": 47935.569919970694
    },
    "A_0.85_8_1e-08_64_32_32_64_128_131072": {
        "e": 0.018350053010412228,
        "a": 70.11510390202623,
        "l": 5.300000000000001e-07,
        "a_tpm": 6.8366966961858004,
        "a_tpw": 1.6815845575398176,
        "u": 86.13,
        "au": 6039.013899081519,
        "m_tpm": 13.190368130842534,
        "m_tpw": 1.8958329288889746,
        "tp": 47935.569919970694
    },
    "A_0.85_8_1e-08_64_32_32_32_128_65536": {
        "e": 0.01789367492514244,
        "a": 35.090825451013124,
        "l": 1.07e-06,
        "a_tpm": 7.114639498815114,
        "a_tpw": 1.7182139806713732,
        "u": 98.44,
        "au": 3454.3408573977317,
        "m_tpm": 15.060412435659645,
        "m_tpw": 1.9191842269464514,
        "tp": 24965.857279980468
    },
    "A_0.85_8_1e-08_64_32_16_64_128_65536": {
        "e": 0.017746458994653547,
        "a": 35.087825451013124,
        "l": 9.600000000000001e-07,
        "a_tpm": 7.903633663094582,
        "a_tpw": 1.7264937427324745,
        "u": 98.44,
        "au": 3454.045537397732,
        "m_tpm": 15.061700097027263,
        "m_tpw": 1.9251715096794537,
        "tp": 27732.1318399414
    }
}