{
    "A_0.85_8_1e-08_256_64_32_64_128_131072": {
        "e": 0.0010192400740770473,
        "a": 143.6415919499699,
        "l": 6.500000000000004e-07,
        "a_tpm": 0.04689921566969528,
        "a_tpw": 0.6763645417840431,
        "u": 0.34,
        "au": 48.838141262989765,
        "m_tpm": 0.2053965540167225,
        "m_tpw": 1.8926831111858358,
        "tp": 673.6678
    },
    "A_0.85_8_1e-08_512_64_32_64_128_131072": {
        "e": 0.0010260599793377955,
        "a": 149.30294214729983,
        "l": 6.500000000000004e-07,
        "a_tpm": 0.04512086569167336,
        "a_tpw": 0.6759314527979146,
        "u": 0.17,
        "au": 25.381500165040972,
        "m_tpm": 0.19760821572352102,
        "m_tpw": 1.8922228611039391,
        "tp": 673.6678
    },
    "A_0.85_8_1e-08_32_64_32_64_128_131072": {
        "e": 0.0010101711263601485,
        "a": 138.17080581562624,
        "l": 6.500000000000004e-07,
        "a_tpm": 0.048756160610290984,
        "a_tpw": 0.6740048122170168,
        "u": 2.75,
        "au": 379.96971599297217,
        "m_tpm": 0.21352910136001643,
        "m_tpw": 1.8714009217472944,
        "tp": 673.6678
    },
    "A_0.85_8_1e-08_64_32_32_64_128_131072": {
        "e": 0.0009776110348869642,
        "a": 70.11510390202623,
        "l": 6.500000000000004e-07,
        "a_tpm": 0.09608026837431985,
        "a_tpw": 0.6754303398140217,
        "u": 2.75,
        "au": 192.81653573057216,
        "m_tpm": 0.42078648334067986,
        "m_tpw": 1.8661440269059149,
        "tp": 673.6678
    },
    "A_0.85_8_1e-08_256_512_32_64_128_131072": {
        "e": 0.00160970087613345,
        "a": 1104.8826635194393,
        "l": 6.500000000000004e-07,
        "a_tpm": 0.006097188617786176,
        "a_tpw": 0.6331826551856079,
        "u": 0.04,
        "au": 44.19530654077757,
        "m_tpm": 0.02670282462937832,
        "m_tpw": 1.9207516906302717,
        "tp": 673.6678
    },
    "A_0.85_8_1e-08_32_32_32_64_128_131072": {
        "e": 0.000974710323137087,
        "a": 69.02434616877312,
        "l": 6.500000000000004e-07,
        "a_tpm": 0.09759857751535934,
        "a_tpw": 0.6709718778725491,
        "u": 5.5,
        "au": 379.63390392825215,
        "m_tpm": 0.42743596480958035,
        "m_tpw": 1.8579602747284096,
        "tp": 673.6678
    },
    "A_0.85_8_1e-08_512_256_32_64_128_131072": {
        "e": 0.0012762845471073654,
        "a": 567.5977894432793,
        "l": 6.500000000000004e-07,
        "a_tpm": 0.011868753059464138,
        "a_tpw": 0.6600919088682391,
        "u": 0.04,
        "au": 22.703911577731173,
        "m_tpm": 0.051979568188484496,
        "m_tpw": 1.9099963279174597,
        "tp": 673.6678
    },
    "A_0.85_8_1e-08_512_128_32_64_128_131072": {
        "e": 0.001108266386748969,
        "a": 288.73489875443966,
        "l": 6.500000000000004e-07,
        "a_tpm": 0.023331706797692447,
        "a_tpw": 0.670394258228794,
        "u": 0.09,
        "au": 25.98614088789957,
        "m_tpm": 0.1021819257986262,
        "m_tpw": 1.8984210482831958,
        "tp": 673.6678
    },
    "A_0.85_8_1e-08_64_64_32_64_128_131072": {
        "e": 0.0010150774388685232,
        "a": 139.39350494421248,
        "l": 6.500000000000004e-07,
        "a_tpm": 0.048328492799547026,
        "a_tpw": 0.675275603805717,
        "u": 1.37,
        "au": 190.9691017735711,
        "m_tpm": 0.2116561170608901,
        "m_tpw": 1.8772557104616905,
        "tp": 673.6678
    },
    "A_0.85_8_1e-08_128_32_32_64_128_131072": {
        "e": 0.0009762221137089341,
        "a": 71.26759357653248,
        "l": 6.500000000000004e-07,
        "a_tpm": 0.09452652547845117,
        "a_tpw": 0.6765849821341277,
        "u": 1.37,
        "au": 97.6366031998495,
        "m_tpm": 0.41398181865530437,
        "m_tpw": 1.8692337876119742,
        "tp": 673.6678
    },
    "A_0.85_8_1e-08_128_64_32_64_128_131072": {
        "e": 0.0010164690937965795,
        "a": 140.80987740938497,
        "l": 6.500000000000004e-07,
        "a_tpm": 0.04784236819135959,
        "a_tpw": 0.6749527881540412,
        "u": 0.69,
        "au": 97.15881541247562,
        "m_tpm": 0.20952711942375143,
        "m_tpw": 1.8895144945412676,
        "tp": 673.6678
    },
    "A_0.85_8_1e-08_256_256_32_64_128_131072": {
        "e": 0.0012694408979724132,
        "a": 555.6032522699596,
        "l": 6.500000000000004e-07,
        "a_tpm": 0.012124979420974919,
        "a_tpw": 0.6602254717556183,
        "u": 0.09,
        "au": 50.00429270429636,
        "m_tpm": 0.05310171940041971,
        "m_tpw": 1.9104652658462848,
        "tp": 673.6678
    },
    "A_0.85_8_1e-08_512_512_32_64_128_131072": {
        "e": 0.00161648001373764,
        "a": 1125.3214499940786,
        "l": 6.500000000000004e-07,
        "a_tpm": 0.0059864476945991245,
        "a_tpw": 0.6331472759033975,
        "u": 0.02,
        "au": 22.506428999881575,
        "m_tpm": 0.026217831358457844,
        "m_tpw": 1.9202776899741472,
        "tp": 673.6678
    },
    "A_0.85_8_1e-08_128_256_32_64_128_131072": {
        "e": 0.001266780479464251,
        "a": 549.6049442413798,
        "l": 6.500000000000004e-07,
        "a_tpm": 0.012257309674130827,
        "a_tpw": 0.6584643049510205,
        "u": 0.17,
        "au": 93.43284052103458,
        "m_tpm": 0.05368126380435623,
        "m_tpw": 1.9007868345117196,
        "tp": 673.6678
    },
    "A_0.85_8_1e-08_64_128_32_64_128_131072": {
        "e": 0.001097237876241044,
        "a": 275.1311024820249,
        "l": 6.500000000000004e-07,
        "a_tpm": 0.024485337859757702,
        "a_tpw": 0.6699335074425354,
        "u": 0.69,
        "au": 189.84046071259718,
        "m_tpm": 0.10723428843137627,
        "m_tpw": 1.8942241015619312,
        "tp": 673.6678
    },
    "A_0.85_8_1e-08_64_512_32_64_128_131072": {
        "e": 0.0016069748896781267,
        "a": 1089.5514993056997,
        "l": 6.500000000000004e-07,
        "a_tpm": 0.0061829826348665925,
        "a_tpw": 0.6314922519569602,
        "u": 0.17,
        "au": 185.22375488196897,
        "m_tpm": 0.02707856215956809,
        "m_tpw": 1.9190899399155963,
        "tp": 673.6678
    },
    "A_0.85_8_1e-08_64_256_32_64_128_131072": {
        "e": 0.0012655057341790705,
        "a": 546.6052750322099,
        "l": 6.500000000000004e-07,
        "a_tpm": 0.012324575535066008,
        "a_tpw": 0.6593613772596796,
        "u": 0.34,
        "au": 185.84579351095138,
        "m_tpm": 0.05397585670621537,
        "m_tpw": 1.8995390046780323,
        "tp": 673.6678
    },
    "A_0.85_8_1e-08_512_32_32_64_128_131072": {
        "e": 0.0009857806717043032,
        "a": 78.1773615704499,
        "l": 6.500000000000004e-07,
        "a_tpm": 0.08617172368920645,
        "a_tpw": 0.6779293179424735,
        "u": 0.34,
        "au": 26.580302933952968,
        "m_tpm": 0.3773917078720134,
        "m_tpw": 1.881270802340024,
        "tp": 673.6678
    },
    "A_0.85_8_1e-08_128_128_32_64_128_131072": {
        "e": 0.001098574160864711,
        "a": 277.0752405285299,
        "l": 6.500000000000004e-07,
        "a_tpm": 0.02431353298529876,
        "a_tpw": 0.6695378067336051,
        "u": 0.34,
        "au": 94.20558177970017,
        "m_tpm": 0.10648186371225793,
        "m_tpw": 1.8985050108381853,
        "tp": 673.6678
    },
    "A_0.85_8_1e-08_32_128_32_64_128_131072": {
        "e": 0.0010894925358620718,
        "a": 273.64452056277247,
        "l": 6.500000000000004e-07,
        "a_tpm": 0.02461835517899452,
        "a_tpw": 0.6702642980159911,
        "u": 1.37,
        "au": 374.8929931709983,
        "m_tpm": 0.10781684186229512,
        "m_tpw": 1.8900630464550268,
        "tp": 673.6678
    },
    "A_0.85_8_1e-08_256_32_32_64_128_131072": {
        "e": 0.0009789755435872757,
        "a": 73.57154253578496,
        "l": 6.500000000000004e-07,
        "a_tpm": 0.09156635524833937,
        "a_tpw": 0.678159888523729,
        "u": 0.69,
        "au": 50.76436434969162,