{
    "A_0.7_8_4e-09_512_128_8_16_32_16384": {
        "e": 0.01634609432371523,
        "a": 4.5901543566131195,
        "l": 5.480000000000001e-07,
        "a_tpm": 119.10035731399716,
        "a_tpw": 1.8773464661274755,
        "u": 68.91,
        "au": 316.3075367142101,
        "m_tpm": 201.48429881442823,
        "m_tpw": 2.060830167018909,
        "tp": 54668.902399902334
    }
}