{
    "A_0.7_8_4e-09_256_256_8_16_32_16384": {
        "e": 0.016510205432116076,
        "a": 8.759426825093119,
        "l": 6.48e-07,
        "a_tpm": 58.735792572285334,
        "a_tpw": 1.86877409588564,
        "u": 68.91,
        "au": 603.6121025171668,
        "m_tpm": 105.58271111333312,
        "m_tpw": 2.0672003505442587,
        "tp": 51449.18770507812
    },
    "A_0.7_8_4e-09_512_512_8_16_32_16384": {
        "e": 0.017399270979624078,
        "a": 17.66356851253248,
        "l": 3.52e-07,
        "a_tpm": 81.6142834884377,
        "a_tpw": 1.828604182282263,
        "u": 57.42,
        "au": 1014.242103989615,
        "m_tpm": 174.52948071125675,
        "m_tpw": 2.093686753910538,
        "tp": 144159.94879992673
    },
    "A_0.7_8_4e-09_256_512_8_16_32_16384": {
        "e": 0.017171910814665063,
        "a": 17.34306504986624,
        "l": 5.519999999999999e-07,
        "a_tpm": 43.850244167575596,
        "a_tpw": 1.8360547086644308,
        "u": 57.42,
        "au": 995.8387951633196,
        "m_tpm": 88.87741097482004,
        "m_tpw": 2.0809327692906794,
        "tp": 76049.7637050781
    },
    "A_0.7_8_4e-09_512_256_8_16_32_16384": {
        "e": 0.01659946999541195,
        "a": 8.947988892426238,
        "l": 4.0000000000000003e-07,
        "a_tpm": 106.8920915635962,
        "a_tpw": 1.8668115785566484,
        "u": 68.91,
        "au": 616.605914577092,
        "m_tpm": 206.71550738733643,
        "m_tpw": 2.0675570460491595,
        "tp": 95646.92479992674
    },
    "A_0.7_8_4e-09_512_128_8_16_32_16384": {
        "e": 0.01634609432371523,
        "a": 4.5901543566131195,
        "l": 5.480000000000001e-07,
        "a_tpm": 119.10035731399716,
        "a_tpw": 1.8773464661274755,
        "u": 68.91,
        "au": 316.3075367142101,
        "m_tpm": 201.48429881442823,
        "m_tpw": 2.060830167018909,
        "tp": 54668.902399902334
    },
    "A_0.7_8_4e-09_128_512_8_16_32_16384": {
        "e": 0.017257984173804298,
        "a": 17.182768920453118,
        "l": 1.0160000000000003e-06,
        "a_tpm": 22.289015018369167,
        "a_tpw": 1.829604526269865,
        "u": 49.22,
        "au": 845.7358862647025,
        "m_tpm": 38.445659314760746,
        "m_tpw": 2.0788319691760773,
        "tp": 38298.69945251465
    }
}