{
    "A_0.75_1_2e-09_16_32_8_32_4_8192": {
        "e": 0.0024700808284969103,
        "a": 0.3359760582336,
        "l": 8.981200000000003e-05,
        "a_tpm": 1.3389386864081754,
        "a_tpw": 1.573813798443003,
        "u": 100.0,
        "au": 33.59760582336,
        "m_tpm": 1.9506151820625752,
        "m_tpw": 2.345527112071733,
        "tp": 44.98513420758927
    },
    "A_0.65_1_6e-09_32_64_6_8_2_131072": {
        "e": 0.003853680926160398,
        "a": 0.7575189582976001,
        "l": 0.0008291220000000003,
        "a_tpm": 0.06493809954064748,
        "a_tpw": 0.9794344902750899,
        "u": 99.21,
        "au": 75.1534558527049,
        "m_tpm": 0.10728422879636439,
        "m_tpw": 1.5932403619205826,
        "tp": 4.919184151785716
    }
}