{
    "A_0.75_8_8e-09_512_128_4_32_32_8192": {
        "e": 0.0007616989587294455,
        "a": 4.5292078566131195,
        "l": 7.200000000000001e-08,
        "a_tpm": 41.55073159762806,
        "a_tpw": 1.9109129840315497,
        "u": 55.7,
        "au": 252.27687761335076,
        "m_tpm": 82.53120012017361,
        "m_tpw": 2.0209647445448824,
        "tp": 18819.190000000002
    },
    "A_0.65_8_2e-09_512_128_4_32_32_8192": {
        "e": 0.0007500618492059975,
        "a": 4.5292078566131195,
        "l": 1.8000000000000002e-08,
        "a_tpm": 166.20292639051223,
        "a_tpw": 1.9379663407935295,
        "u": 55.7,
        "au": 252.27687761335076,
        "m_tpm": 330.12480048069443,
        "m_tpw": 2.0459486680972376,
        "tp": 75276.76000000001
    },
    "A_0.7_8_4e-09_512_128_4_32_32_8192": {
        "e": 0.0007557470811968964,
        "a": 4.5292078566131195,
        "l": 3.6000000000000005e-08,
        "a_tpm": 83.10146319525612,
        "a_tpw": 1.9247757164889059,
        "u": 55.7,
        "au": 252.27687761335076,
        "m_tpm": 165.06240024034722,
        "m_tpw": 2.0338039696729564,
        "tp": 37638.380000000005
    },
    "A_0.5_8_8e-09_512_128_4_32_32_8192": {
        "e": 0.0007357152018488034,
        "a": 4.5292078566131195,
        "l": 7.200000000000001e-08,
        "a_tpm": 41.55073159762806,
        "a_tpw": 1.972454281138855,
        "u": 55.7,
        "au": 252.27687761335076,
        "m_tpm": 82.53120012017361,
        "m_tpw": 2.077958347740511,
        "tp": 18819.190000000002
    },
    "A_0.85_8_1e-08_512_128_4_32_32_8192": {
        "e": 0.0007750366072336548,
        "a": 4.5292078566131195,
        "l": 8.999999999999999e-08,
        "a_tpm": 33.240585278102444,
        "a_tpw": 1.880808572946875,
        "u": 55.7,
        "au": 252.27687761335076,
        "m_tpm": 66.02496009613888,
        "m_tpw": 1.9933233554476346,
        "tp": 15055.351999999999
    },
    "A_0.55_8_4e-09_512_128_4_32_32_8192": {
        "e": 0.00074009318858231,
        "a": 4.5292078566131195,
        "l": 3.6000000000000005e-08,
        "a_tpm": 83.10146319525612,
        "a_tpw": 1.9617981418914603,
        "u": 55.7,
        "au": 252.27687761335076,
        "m_tpm": 165.06240024034722,
        "m_tpw": 2.067829574316935,
        "tp": 37638.380000000005
    },
    "A_0.65_8_8e-09_512_128_4_32_32_8192": {
        "e": 0.0007500618492059975,
        "a": 4.5292078566131195,
        "l": 7.200000000000001e-08,
        "a_tpm": 41.55073159762806,
        "a_tpw": 1.9379663407935295,
        "u": 55.7,
        "au": 252.27687761335076,
        "m_tpm": 82.53120012017361,
        "m_tpw": 2.0459486680972376,
        "tp": 18819.190000000002
    },
    "A_0.75_8_6e-09_512_128_4_32_32_8192": {
        "e": 0.0007616989587294455,
        "a": 4.5292078566131195,
        "l": 5.4e-08,
        "a_tpm": 55.40097546350407,
        "a_tpw": 1.9109129840315497,
        "u": 55.7,
        "au": 252.27687761335076,
        "m_tpm": 110.04160016023148,
        "m_tpw": 2.0209647445448824,
        "tp": 25092.253333333338
    },
    "A_0.85_8_8e-09_512_128_4_32_32_8192": {
        "e": 0.0007750366072336548,
        "a": 4.5292078566131195,
        "l": 7.200000000000001e-08,
        "a_tpm": 41.55073159762806,
        "a_tpw": 1.880808572946875,
        "u": 55.7,
        "au": 252.27687761335076,
        "m_tpm": 82.53120012017361,
        "m_tpw": 1.9933233554476346,
        "tp": 18819.190000000002
    },
    "A_0.5_8_4e-09_512_128_4_32_32_8192": {
        "e": 0.0007357152018488034,
        "a": 4.5292078566131195,
        "l": 3.6000000000000005e-08,
        "a_tpm": 83.10146319525612,
        "a_tpw": 1.972454281138855,
        "u": 55.7,
        "au": 252.27687761335076,
        "m_tpm": 165.06240024034722,
        "m_tpw": 2.077958347740511,
        "tp": 37638.380000000005
    },
    "A_0.55_8_1e-08_512_128_4_32_32_8192": {
        "e": 0.00074009318858231,
        "a": 4.5292078566131195,
        "l": 8.999999999999999e-08,
        "a_tpm": 33.240585278102444,
        "a_tpw": 1.9617981418914603,
        "u": 55.7,
        "au": 252.27687761335076,
        "m_tpm": 66.02496009613888,
        "m_tpw": 2.067829574316935,
        "tp": 15055.351999999999
    },
    "A_0.75_8_2e-09_512_128_4_32_32_8192": {
        "e": 0.0007616989587294455,
        "a": 4.5292078566131195,
        "l": 1.8000000000000002e-08,
        "a_tpm": 166.20292639051223,
        "a_tpw": 1.9109129840315497,
        "u": 55.7,
        "au": 252.27687761335076,
        "m_tpm": 330.12480048069443,
        "m_tpw": 2.0209647445448824,
        "tp": 75276.76000000001
    },
    "A_0.75_8_4e-09_512_128_4_32_32_8192": {
        "e": 0.0007616989587294455,
        "a": 4.5292078566131195,
        "l": 3.6000000000000005e-08,
        "a_tpm": 83.10146319525612,
        "a_tpw": 1.9109129840315497,
        "u": 55.7,
        "au": 252.27687761335076,
        "m_tpm": 165.06240024034722,
        "m_tpw": 2.0209647445448824,
        "tp": 37638.380000000005
    },
    "A_0.85_8_6e-09_512_128_4_32_32_8192": {
        "e": 0.0007750366072336548,
        "a": 4.5292078566131195,
        "l": 5.4e-08,
        "a_tpm": 55.40097546350407,
        "a_tpw": 1.880808572946875,
        "u": 55.7,
        "au": 252.27687761335076,
        "m_tpm": 110.04160016023148,
        "m_tpw": 1.9933233554476346,
        "tp": 25092.253333333338
    },
    "A_0.7_8_8e-09_512_128_4_32_32_8192": {
        "e": 0.0007557470811968964,
        "a": 4.5292078566131195,
        "l": 7.200000000000001e-08,
        "a_tpm": 41.55073159762806,
        "a_tpw": 1.9247757164889059,
        "u": 55.7,
        "au": 252.27687761335076,
        "m_tpm": 82.53120012017361,
        "m_tpw": 2.0338039696729564,
        "tp": 18819.190000000002
    },
    "A_0.55_8_8e-09_512_128_4_32_32_8192": {
        "e": 0.00074009318858231,
        "a": 4.5292078566131195,
        "l": 7.200000000000001e-08,
        "a_tpm": 41.55073159762806,
        "a_tpw": 1.9617981418914603,
        "u": 55.7,
        "au": 252.27687761335076,
        "m_tpm": 82.53120012017361,
        "m_tpw": 2.067829574316935,
        "tp": 18819.190000000002
    },
    "A_0.6_8_4e-09_512_128_4_32_32_8192": {
        "e": 0.000744828762204242,
        "a": 4.5292078566131195,
        "l": 3.6000000000000005e-08,
        "a_tpm": 83.10146319525612,
        "a_tpw": 1.9503811868219207,
        "u": 55.7,
        "au": 252.27687761335076,
        "m_tpm": 165.06240024034722,
        "m_tpw": 2.057264771358556,
        "tp": 37638.380000000005
    },
    "A_0.5_8_2e-09_512_128_4_32_32_8192": {
        "e": 0.0007357152018488034,
        "a": 4.5292078566131195,
        "l": 1.8000000000000002e-08,
        "a_tpm": 166.20292639051223,
        "a_tpw": 1.972454281138855,
        "u": 55.7,
        "au": 252.27687761335076,
        "m_tpm": 330.12480048069443,
        "m_tpw": 2.077958347740511,
        "tp": 75276.76000000001
    },
    "A_0.5_8_1e-09_512_128_4_32_32_8192": {
        "e": 0.0007357152018488034,
        "a": 4.5292078566131195,
        "l": 9.000000000000001e-09,
        "a_tpm": 332.40585278102446,
        "a_tpw": 1.972454281138855,
        "u": 55.7,
        "au": 252.27687761335076,
        "m_tpm": 660.2496009613889,
        "m_tpw": 2.077958347740511,
        "tp": 150553.52000000002
    },
    "A_0.55_8_2e-09_512_128_4_32_32_8192": {
        "e": 0.00074009318858231,
        "a": 4.5292078566131195,
        "l": 1.8000000000000002e-08,
        "a_tpm": 166.20292639051223,
        "a_tpw": 1.9617981418914603,
        "u": 55.7,
        "au": 252.27687761335076,
        "m_tpm": 330.12480048069443,
        "m_tpw": 2.067829574316935,
        "tp": 75276.76000000001
    },
    "A_0.75_8_1e-08_512_128_4_32_32_8192": {
        "e": 0.0007616989587294455,
        "a": 4.5292078566131195,
        "l": 8.999999999999999e-08,
        "a_tpm": 33.240585278102444,
        "a_tpw": 1.9109129840315497,
        "u": 55.7,