{
    "A_0.7_8_4e-09_256_256_8_16_32_16384": {
        "e": 0.0007663105501084292,
        "a": 8.759426825093119,
        "l": 4.400000000000001e-08,
        "a_tpm": 39.62608592201914,
        "a_tpw": 1.8999011883097334,
        "u": 55.7,
        "au": 487.90007415768673,
        "m_tpm": 85.34826934775523,
        "m_tpw": 2.0387185600240496,
        "tp": 34710.17999987793
    }
}