{
    "A_0.7_8_4e-09_512_128_8_16_32_16384": {
        "e": 0.0020108944772809357,
        "a": 4.5901543566131195,
        "l": 1.1199999999999996e-07,
        "a_tpm": 77.51331156201748,
        "a_tpw": 1.771201770357279,
        "u": 43.07,
        "au": 197.69794813932705,
        "m_tpm": 125.92768676008141,
        "m_tpw": 2.075844792439435,
        "tp": 35579.80647619047
    }
}