{
    "A_0.7_8_4e-09_256_256_8_16_32_16384": {
        "e": 0.002061174560828424,
        "a": 8.759426825093119,
        "l": 1.4000000000000004e-07,
        "a_tpm": 33.8104662183483,
        "a_tpw": 1.742272351696122,
        "u": 43.07,
        "au": 377.26851335676065,
        "m_tpm": 65.98919444639064,
        "m_tpw": 2.0836189280344026,
        "tp": 29616.03047619047
    },
    "A_0.7_8_4e-09_512_512_8_16_32_16384": {
        "e": 0.002257473296371024,
        "a": 17.66356851253248,
        "l": 1.1199999999999996e-07,
        "a_tpm": 20.14304552952947,
        "a_tpw": 1.6467205934534281,
        "u": 10.77,
        "au": 190.2366328799748,
        "m_tpm": 32.72427763336065,
        "m_tpw": 2.1126695814520997,
        "tp": 35579.80647619047
    },
    "A_0.7_8_4e-09_256_512_8_16_32_16384": {
        "e": 0.0022053600124343417,
        "a": 17.34306504986624,
        "l": 1.4000000000000004e-07,
        "a_tpm": 17.076583862792408,
        "a_tpw": 1.664691171545612,
        "u": 21.53,
        "au": 373.3961905236202,
        "m_tpm": 33.329029115557525,
        "m_tpw": 2.1094876044483257,
        "tp": 29616.03047619047
    },
    "A_0.7_8_4e-09_512_256_8_16_32_16384": {
        "e": 0.0020862206303210048,
        "a": 8.947988892426238,
        "l": 1.1199999999999996e-07,
        "a_tpm": 39.76290863112934,
        "a_tpw": 1.7311090114103092,
        "u": 21.53,
        "au": 192.65020085393692,
        "m_tpm": 64.59859605874728,
        "m_tpw": 2.0957434879717067,
        "tp": 35579.80647619047
    },
    "A_0.7_8_4e-09_512_128_8_16_32_16384": {
        "e": 0.0020108944772809357,
        "a": 4.5901543566131195,
        "l": 1.1199999999999996e-07,
        "a_tpm": 77.51331156201748,
        "a_tpw": 1.771201770357279,
        "u": 43.07,
        "au": 197.69794813932705,
        "m_tpm": 125.92768676008141,
        "m_tpw": 2.075844792439435,
        "tp": 35579.80647619047
    },
    "A_0.7_8_4e-09_128_512_8_16_32_16384": {
        "e": 0.0022249723440726558,
        "a": 17.182768920453118,
        "l": 2.1200000000000005e-07,
        "a_tpm": 12.602052775268218,
        "a_tpw": 1.6575017123818991,
        "u": 43.07,
        "au": 740.0618574039157,
        "m_tpm": 33.63995190041566,
        "m_tpw": 2.095650167920257,
        "tp": 21653.816076078867
    }
}