{
    "A_0.85_8_1e-08_256_64_32_64_128_131072": {
        "e": 0.017965451937616762,
        "a": 143.6415919499699,
        "l": 1.6000000000000003e-07,
        "a_tpm": 13.46255644864708,
        "a_tpw": 1.717693575785914,
        "u": 43.07,
        "au": 6186.643365285203,
        "m_tpm": 25.754212813851893,
        "m_tpw": 1.9381979683467772,
        "tp": 193378.30400000003
    },
    "A_0.85_8_1e-08_512_64_32_64_128_131072": {
        "e": 0.017974329214295346,
        "a": 149.30294214729983,
        "l": 1.6000000000000003e-07,
        "a_tpm": 12.952075908136903,
        "a_tpw": 1.7196627767180042,
        "u": 21.53,
        "au": 3214.4923444313654,
        "m_tpm": 24.777650559292105,
        "m_tpw": 1.9494473675411335,
        "tp": 193378.30400000003
    },
    "A_0.85_8_1e-08_32_64_32_64_128_131072": {
        "e": 0.018190554604812875,
        "a": 138.17080581562624,
        "l": 5.300000000000001e-07,
        "a_tpm": 3.4692979922209806,
        "a_tpw": 1.6930580598633538,
        "u": 86.13,
        "au": 11900.651504899888,
        "m_tpm": 6.693483667122147,
        "m_tpw": 1.91461256819084,
        "tp": 47935.569919970694
    },
    "A_0.85_8_1e-08_64_32_32_64_128_131072": {
        "e": 0.018350053010412228,
        "a": 70.11510390202623,
        "l": 5.300000000000001e-07,
        "a_tpm": 6.8366966961858004,
        "a_tpw": 1.6815845575398176,
        "u": 86.13,
        "au": 6039.013899081519,
        "m_tpm": 13.190368130842534,
        "m_tpw": 1.8958329288889746,
        "tp": 47935.569919970694
    },
    "A_0.85_8_1e-08_256_512_32_64_128_131072": {
        "e": 0.019335023644446298,
        "a": 1104.8826635194393,
        "l": 1.6000000000000003e-07,
        "a_tpm": 1.7502157503677556,
        "a_tpw": 1.6804968797975843,
        "u": 5.38,
        "au": 5944.268729734584,
        "m_tpm": 3.348207235161232,
        "m_tpw": 1.990767425872102,
        "tp": 193378.30400000003
    },
    "A_0.85_8_1e-08_32_32_32_64_128_131072": {
        "e": 0.01842332997410208,
        "a": 69.02434616877312,
        "l": 1.0999999999999998e-06,
        "a_tpm": 3.4734052969280143,
        "a_tpw": 1.670743022089953,
        "u": 68.91,
        "au": 4756.467694490156,
        "m_tpm": 5.359523607689546,
        "m_tpw": 1.887177579484899,
        "tp": 23974.952959960938
    },
    "A_0.85_8_1e-08_512_256_32_64_128_131072": {
        "e": 0.0184887938706414,
        "a": 567.5977894432793,
        "l": 1.6000000000000003e-07,
        "a_tpm": 3.406960132626177,
        "a_tpw": 1.7120976734842952,
        "u": 5.38,
        "au": 3053.676107204843,
        "m_tpm": 6.517601366327525,
        "m_tpw": 1.9797346129324245,
        "tp": 193378.30400000003
    },
    "A_0.85_8_1e-08_512_128_32_64_128_131072": {
        "e": 0.01803763264826796,
        "a": 288.73489875443966,
        "l": 1.6000000000000003e-07,
        "a_tpm": 6.697434388229684,
        "a_tpw": 1.7250914227795815,
        "u": 10.77,
        "au": 3109.674859585315,
        "m_tpm": 12.812362287893048,
        "m_tpw": 1.9744231020012877,
        "tp": 193378.30400000003
    },
    "A_0.85_8_1e-08_64_64_32_64_128_131072": {
        "e": 0.018070425439037297,
        "a": 139.39350494421248,
        "l": 3.100000000000001e-07,
        "a_tpm": 6.408716850598786,
        "a_tpw": 1.7053282292813832,
        "u": 86.13,
        "au": 12005.96258084502,
        "m_tpm": 13.269542685939886,
        "m_tpw": 1.9227834767370882,
        "tp": 89333.35040000001
    },
    "A_0.85_8_1e-08_128_32_32_64_128_131072": {
        "e": 0.018204455049315223,
        "a": 71.26759357653248,
        "l": 3.3e-07,
        "a_tpm": 11.18314150938921,
        "a_tpw": 1.69432139247157,
        "u": 57.42,
        "au": 4092.185223164495,
        "m_tpm": 17.302750298082923,
        "m_tpw": 1.9087046705545199,
        "tp": 79699.55840000001
    },
    "A_0.85_8_1e-08_128_64_32_64_128_131072": {
        "e": 0.01801129683016326,
        "a": 140.80987740938497,
        "l": 2.0000000000000004e-07,
        "a_tpm": 10.449274234663415,
        "a_tpw": 1.7127285964827645,
        "u": 86.13,
        "au": 12127.954741270327,
        "m_tpm": 26.2721351375414,
        "m_tpw": 1.9387462881539061,
        "tp": 147136.10240000006
    },
    "A_0.85_8_1e-08_256_256_32_64_128_131072": {
        "e": 0.018314183590147,
        "a": 555.6032522699596,
        "l": 1.6000000000000003e-07,
        "a_tpm": 3.480510655939074,
        "a_tpw": 1.7153318096712635,
        "u": 10.77,
        "au": 5983.847026947465,
        "m_tpm": 6.658305387677116,
        "m_tpw": 1.9787087143218234,
        "tp": 193378.30400000003
    },
    "A_0.85_8_1e-08_512_512_32_64_128_131072": {
        "e": 0.019700948867643082,
        "a": 1125.3214499940786,
        "l": 1.6000000000000003e-07,
        "a_tpm": 1.7184272458417775,
        "a_tpw": 1.671918772030462,
        "u": 2.69,
        "au": 3027.1147004840714,
        "m_tpm": 3.2873950176809177,
        "m_tpw": 2.0075280051762743,
        "tp": 193378.30400000003
    },
    "A_0.85_8_1e-08_128_256_32_64_128_131072": {
        "e": 0.018365317329446764,
        "a": 549.6049442413798,
        "l": 1.6000000000000003e-07,
        "a_tpm": 3.5184964405100154,
        "a_tpw": 1.7122284631163573,
        "u": 21.53,
        "au": 11832.994449516907,
        "m_tpm": 6.7309731594686655,
        "m_tpw": 1.9707961436217842,
        "tp": 193378.30400000003
    },
    "A_0.85_8_1e-08_64_128_32_64_128_131072": {
        "e": 0.018047374426634195,
        "a": 275.1311024820249,
        "l": 2.1000000000000005e-07,
        "a_tpm": 4.9276708731560985,
        "a_tpw": 1.7166755668073586,
        "u": 86.13,
        "au": 23697.041856776803,
        "m_tpm": 13.445866696375015,
        "m_tpw": 1.9502873319320384,
        "tp": 135575.55200000005
    },
    "A_0.85_8_1e-08_64_512_32_64_128_131072": {
        "e": 0.01937216809460356,
        "a": 1089.5514993056997,
        "l": 1.7000000000000004e-07,
        "a_tpm": 1.6687394190716147,
        "a_tpw": 1.6746561335340115,
        "u": 21.53,
        "au": 23458.043780051717,
        "m_tpm": 3.395320120579313,
        "m_tpw": 1.9803348001541166,
        "tp": 181817.75360000003
    },
    "A_0.85_8_1e-08_64_256_32_64_128_131072": {
        "e": 0.018379863849374324,
        "a": 546.6052750322099,
        "l": 1.7000000000000004e-07,
        "a_tpm": 3.3263080673578567,
        "a_tpw": 1.70831646383615,
        "u": 43.07,
        "au": 23542.28919563728,
        "m_tpm": 6.767911502101779,
        "m_tpw": 1.956950838890029,
        "tp": 181817.75360000003
    },
    "A_0.85_8_1e-08_512_32_32_64_128_131072": {
        "e": 0.018203608330838998,
        "a": 78.1773615704499,
        "l": 1.6000000000000003e-07,
        "a_tpm": 24.735844254060197,
        "a_tpw": 1.7005691791562851,
        "u": 43.07,
        "au": 3367.098962839277,
        "m_tpm": 47.32029904419695,
        "m_tpw": 1.9230428408407283,
        "tp": 193378.30400000003
    },
    "A_0.85_8_1e-08_128_128_32_64_128_131072": {
        "e": 0.01803809467425778,
        "a": 277.0752405285299,
        "l": 1.6000000000000003e-07,
        "a_tpm": 6.979270454881667,
        "a_tpw": 1.719505099707203,
        "u": 43.07,
        "au": 11933.630609563783,
        "m_tpm": 13.351521849961483,
        "m_tpw": 1.9447237932133181,
        "tp": 193378.30400000003
    },
    "A_0.85_8_1e-08_32_128_32_64_128_131072": {
        "e": 0.018165597738702487,
        "a": 273.64452056277247,
        "l": 3.3e-07,
        "a_tpm": 3.053343623624044,
        "a_tpw": 1.7072012265719119,
        "u": 86.13,
        "au": 23569.00255607159,
        "m_tpm": 6.75945588165246,
        "m_tpw": 1.9300417012530127,
        "tp": 83553.0752
    },
    "A_0.85_8_1e-08_256_32_32_64_128_131072": {
        "e": 0.018134832988137978,
        "a": 73.57154253578496,
        "l": 2.2000000000000006e-07,
        "a_tpm": 16.856381873423338,