{
    "A_0.85_1_1e-08_256_256_32_64_128_131072": {
        "e": 0.003253581898575774,
        "a": 635.9941412779649,
        "l": 5.820000000000003e-06,
        "a_tpm": 0.016859047186425287,
        "a_tpw": 1.3988706786350766,
        "u": 0.77,
        "au": 489.71548878403297,
        "m_tpm": 0.051934667092419,
        "m_tpw": 2.5952045602519296,
        "tp": 1072.225523809524
    },
    "A_0.85_1_1e-08_512_512_32_64_128_131072": {
        "e": 0.0031769716663328446,
        "a": 1367.1017522558593,
        "l": 5.820000000000003e-06,
        "a_tpm": 0.007843055734807161,
        "a_tpw": 1.3786895434699977,
        "u": 0.19,
        "au": 259.7493329286133,
        "m_tpm": 0.024160706359637713,
        "m_tpw": 2.403210227447506,
        "tp": 1072.225523809524
    },
    "A_0.85_1_1e-08_32_128_32_64_128_131072": {
        "e": 0.0034233511547156563,
        "a": 295.2557834073728,
        "l": 5.820000000000003e-06,
        "a_tpm": 0.03631514043300361,
        "a_tpw": 1.3167413948509419,
        "u": 12.3,
        "au": 3631.6461359106856,
        "m_tpm": 0.11186959191389445,
        "m_tpw": 2.446887277501604,
        "tp": 1072.225523809524
    },
    "A_0.85_1_1e-08_64_512_32_64_128_131072": {
        "e": 0.003317036770964538,
        "a": 1185.4524573021824,
        "l": 5.820000000000003e-06,
        "a_tpm": 0.009044863142379095,
        "a_tpw": 1.3749831007977869,
        "u": 1.54,
        "au": 1825.596784245361,
        "m_tpm": 0.02786290061363492,
        "m_tpw": 2.5580501387650108,
        "tp": 1072.225523809524
    },
    "A_0.85_1_1e-08_256_128_32_64_128_131072": {
        "e": 0.0032827482729506407,
        "a": 322.4957826397824,
        "l": 5.820000000000003e-06,
        "a_tpm": 0.03324773784738654,
        "a_tpw": 1.3742789741856847,
        "u": 1.54,
        "au": 496.64350526526493,
        "m_tpm": 0.10242039052304018,
        "m_tpw": 2.5352089823468327,
        "tp": 1072.225523809524
    },
    "A_0.85_1_1e-08_32_512_32_64_128_131072": {
        "e": 0.003372252544970942,
        "a": 1171.9625876534913,
        "l": 5.820000000000003e-06,
        "a_tpm": 0.009148973995461225,
        "a_tpw": 1.3510963691518691,
        "u": 3.08,
        "au": 3609.6447699727532,
        "m_tpm": 0.028183616395240994,
        "m_tpw": 2.5092908803392167,
        "tp": 1072.225523809524
    },
    "A_0.85_1_1e-08_32_64_32_64_128_131072": {
        "e": 0.0035589089605871206,
        "a": 149.24198648848642,
        "l": 5.820000000000003e-06,
        "a_tpm": 0.07184476359755793,
        "a_tpw": 1.207986827354463,
        "u": 24.61,
        "au": 3672.8452874816508,
        "m_tpm": 0.22131938053872113,
        "m_tpw": 2.1122743077147694,
        "tp": 1072.225523809524
    },
    "A_0.85_1_1e-08_64_64_32_64_128_131072": {
        "e": 0.0035003498090620516,
        "a": 152.1532396992128,
        "l": 5.820000000000003e-06,
        "a_tpm": 0.07047010802590695,
        "a_tpw": 1.245174680872374,
        "u": 12.3,
        "au": 1871.4848483003177,
        "m_tpm": 0.21708472369892554,
        "m_tpw": 2.2674766214090423,
        "tp": 1072.225523809524
    },
    "A_0.85_1_1e-08_512_32_32_64_128_131072": {
        "e": 0.004440924793927107,
        "a": 104.35262638629119,
        "l": 5.820000000000003e-06,
        "a_tpm": 0.10275021922690986,
        "a_tpw": 0.9083857132213548,
        "u": 3.08,
        "au": 321.4060892697769,
        "m_tpm": 0.316524318973338,
        "m_tpw": 1.5873128748598087,
        "tp": 1072.225523809524
    },
    "A_0.85_1_1e-08_512_64_32_64_128_131072": {
        "e": 0.0035365079800715664,
        "a": 185.7024025949824,
        "l": 5.820000000000003e-06,
        "a_tpm": 0.05773891499659546,
        "a_tpw": 1.2139371846109062,
        "u": 1.54,
        "au": 285.9816999962729,
        "m_tpm": 0.1778660024773016,
        "m_tpw": 2.0783895374203225,
        "tp": 1072.225523809524
    },
    "A_0.85_1_1e-08_128_64_32_64_128_131072": {
        "e": 0.0034720755109960096,
        "a": 156.94671508578563,
        "l": 5.820000000000003e-06,
        "a_tpm": 0.06831780602884586,
        "a_tpw": 1.2508019067311804,
        "u": 6.15,
        "au": 965.2222977775816,
        "m_tpm": 0.2104545098758265,
        "m_tpw": 2.2136744871358944,
        "tp": 1072.225523809524
    },
    "A_0.85_1_1e-08_128_32_32_64_128_131072": {
        "e": 0.00412026184593834,
        "a": 82.00130910593279,
        "l": 5.820000000000003e-06,
        "a_tpm": 0.1307571227215869,
        "a_tpw": 0.984247662385832,
        "u": 12.3,
        "au": 1008.6161020029734,
        "m_tpm": 0.4028002035593145,
        "m_tpw": 1.623052855949774,
        "tp": 1072.225523809524
    },
    "A_0.85_1_1e-08_32_32_32_64_128_131072": {
        "e": 0.004179280069614633,
        "a": 75.8976769980032,
        "l": 5.820000000000003e-06,
        "a_tpm": 0.14127250875382302,
        "a_tpw": 0.9802839003131503,
        "u": 49.22,
        "au": 3735.683661841718,
        "m_tpm": 0.43519308240315435,
        "m_tpw": 1.6531032848352503,
        "tp": 1072.225523809524
    },
    "A_0.85_1_1e-08_512_128_32_64_128_131072": {
        "e": 0.003275907316192379,
        "a": 353.03623576756485,
        "l": 5.820000000000003e-06,
        "a_tpm": 0.03037154306492961,
        "a_tpw": 1.3402021350465199,
        "u": 0.77,
        "au": 271.83790154102496,
        "m_tpm": 0.09356020899154013,
        "m_tpw": 2.3108709284302935,
        "tp": 1072.225523809524
    },
    "A_0.85_1_1e-08_256_512_32_64_128_131072": {
        "e": 0.0031903699326929465,
        "a": 1263.3033681991296,
        "l": 5.820000000000003e-06,
        "a_tpm": 0.008487474590826175,
        "a_tpw": 1.400277081629184,
        "u": 0.38,
        "au": 480.05527991566925,
        "m_tpm": 0.0261458528738709,
        "m_tpw": 2.5807574758556715,
        "tp": 1072.225523809524
    },
    "A_0.85_1_1e-08_32_256_32_64_128_131072": {
        "e": 0.0033894171746018257,
        "a": 587.4789915555456,
        "l": 5.820000000000003e-06,
        "a_tpm": 0.01825129986300363,
        "a_tpw": 1.3459477009419925,
        "u": 6.15,
        "au": 3612.9957980666054,
        "m_tpm": 0.05622353220247371,
        "m_tpw": 2.505242972492833,
        "tp": 1072.225523809524
    },
    "A_0.85_1_1e-08_256_64_32_64_128_131072": {
        "e": 0.0034403273201732807,
        "a": 166.53265644069123,
        "l": 5.820000000000003e-06,
        "a_tpm": 0.06438530116112003,
        "a_tpw": 1.2693128699559235,
        "u": 3.08,
        "au": 512.920581837329,
        "m_tpm": 0.19834034180415133,
        "m_tpw": 2.295997836986357,
        "tp": 1072.225523809524
    },
    "A_0.85_1_1e-08_128_128_32_64_128_131072": {
        "e": 0.00334053457816191,
        "a": 307.2245244982912,
        "l": 5.820000000000003e-06,
        "a_tpm": 0.03490038842310869,
        "a_tpw": 1.347569231769396,
        "u": 3.08,
        "au": 946.2515354547369,
        "m_tpm": 0.1075114171107903,
        "m_tpw": 2.4437430793195998,
        "tp": 1072.225523809524
    },
    "A_0.85_1_1e-08_64_32_32_64_128_131072": {
        "e": 0.004105367741467198,
        "a": 78.2752278836864,
        "l": 5.820000000000003e-06,
        "a_tpm": 0.13698146307575174,
        "a_tpw": 0.9861577231617277,
        "u": 24.61,
        "au": 1926.353358217522,
        "m_tpm": 0.42197442144890807,
        "m_tpw": 1.6379093463038286,
        "tp": 1072.225523809524
    },
    "A_0.85_1_1e-08_256_32_32_64_128_131072": {
        "e": 0.0041634957468945615,
        "a": 89.4524464035456,
        "l": 5.820000000000003e-06,
        "a_tpm": 0.11986542201119997,
        "a_tpw": 0.9871999467676387,
        "u": 6.15,
        "au": 550.1325453818055,
        "m_tpm": 0.36924807904069573,
        "m_tpw": 1.6893279880292869,
        "tp": 1072.225523809524
    },
    "A_0.85_1_1e-08_512_256_32_64_128_131072": {
        "e": 0.003193128812502057,
        "a": 690.8490296391295,