{
    "A_0.75_1_1e-09_512_32_8_8_8_65536": {
        "e": 0.006239112390395822,
        "a": 0.5912269797376,
        "l": 1.4477999999999993e-05,
        "a_tpm": 19.703880583429925,
        "a_tpw": 3.0740090346496705,
        "u": 100.0,
        "au": 59.12269797376,
        "m_tpm": 35.47118233560255,
        "m_tpw": 5.8906247643750085,
        "tp": 1164.9465806451608
    },
    "A_0.6_1_8e-09_16_64_1_16_128_524288": {
        "e": 0.009455948678182427,
        "a": 3.5480601482944,
        "l": 0.0003328159999999999,
        "a_tpm": 0.13527068024138342,
        "a_tpw": 1.7328937771989847,
        "u": 100.0,
        "au": 354.80601482943996,
        "m_tpm": 0.1847093827637168,
        "m_tpw": 3.3057253258546018,
        "tp": 47.99485097971268
    }
}