{
    "A_0.75_1_8e-09_256_32_4_16_32_8192": {
        "e": 0.021256872415216423,
        "a": 0.7483811721152,
        "l": 0.00010396000000000001,
        "a_tpm": 4.3977161939762315,
        "a_tpw": 2.002232247728108,
        "u": 100.0,
        "au": 74.83811721152,
        "m_tpm": 7.005627874338013,
        "m_tpw": 2.8767481423111203,
        "tp": 329.1167999877929
    },
    "A_0.65_1_2e-09_256_32_4_16_32_8192": {
        "e": 0.023620532684485343,
        "a": 0.7877076873152,
        "l": 2.5990000000000004e-05,
        "a_tpm": 16.712636186631364,
        "a_tpw": 1.6330528608008381,
        "u": 100.0,
        "au": 78.77076873152001,
        "m_tpm": 26.6234801788957,
        "m_tpw": 2.2856131440674994,
        "tp": 1316.4671999511716
    },
    "A_0.7_1_4e-09_256_32_4_16_32_8192": {
        "e": 0.021950251102772732,
        "a": 0.7631288201152001,
        "l": 5.198000000000001e-05,
        "a_tpm": 8.625458541537203,
        "a_tpw": 1.8607326815232645,
        "u": 100.0,
        "au": 76.31288201152002,
        "m_tpm": 13.74048486128082,
        "m_tpw": 2.6522429912887606,
        "tp": 658.2335999755858
    },
    "A_0.5_1_8e-09_256_32_4_16_32_8192": {
        "e": 0.08274631158116165,
        "a": 1.5250773897152,
        "l": 0.00010396000000000001,
        "a_tpm": 2.158033436252397,
        "a_tpw": 0.34972485089159633,
        "u": 100.0,
        "au": 152.50773897151998,
        "m_tpm": 3.437779640139495,
        "m_tpw": 0.4521630321922715,
        "tp": 329.1167999877929
    },
    "A_0.85_1_1e-08_256_32_4_16_32_8192": {
        "e": 0.021248362033190506,
        "a": 0.7336339337151999,
        "l": 0.00012995,
        "a_tpm": 3.5888939686430334,
        "a_tpw": 2.1046270039191137,
        "u": 100.0,
        "au": 73.36339337151999,
        "m_tpm": 5.717161934917051,
        "m_tpw": 3.051495574599058,
        "tp": 263.2934399902344
    },
    "A_0.55_1_4e-09_256_32_4_16_32_8192": {
        "e": 0.037901395651045056,
        "a": 0.9646770057152,
        "l": 5.198000000000001e-05,
        "a_tpm": 6.823357414719132,
        "a_tpw": 0.8529232212386649,
        "u": 100.0,
        "au": 96.46770057152,
        "m_tpm": 10.86971072999297,
        "m_tpw": 1.1287195372141539,
        "tp": 658.2335999755858
    },
    "A_0.65_1_8e-09_256_32_4_16_32_8192": {
        "e": 0.023620533128410476,
        "a": 0.7877076873152,
        "l": 0.00010396000000000001,
        "a_tpm": 4.178159046657841,
        "a_tpw": 1.6330525197094747,
        "u": 100.0,
        "au": 78.77076873152001,
        "m_tpm": 6.655870044723925,
        "m_tpw": 2.2856131440674994,
        "tp": 329.1167999877929
    },
    "A_0.75_1_6e-09_256_32_4_16_32_8192": {
        "e": 0.021256872415216423,
        "a": 0.7483811721152,
        "l": 7.796999999999997e-05,
        "a_tpm": 5.863621591968312,
        "a_tpw": 2.002232247728108,
        "u": 100.0,
        "au": 74.83811721152,
        "m_tpm": 9.340837165784018,
        "m_tpw": 2.8767481423111203,
        "tp": 438.82239998372404
    },
    "A_0.85_1_8e-09_256_32_4_16_32_8192": {
        "e": 0.021248362033190506,
        "a": 0.7336339337151999,
        "l": 0.00010396000000000001,
        "a_tpm": 4.486117460803791,
        "a_tpw": 2.1046270039191137,
        "u": 100.0,
        "au": 73.36339337151999,
        "m_tpm": 7.146452418646314,
        "m_tpw": 3.051495574599058,
        "tp": 329.1167999877929
    },
    "A_0.5_1_4e-09_256_32_4_16_32_8192": {
        "e": 0.08274631063412137,
        "a": 1.5250773897152,
        "l": 5.198000000000001e-05,
        "a_tpm": 4.316066872504794,
        "a_tpw": 0.34972485344576026,
        "u": 100.0,
        "au": 152.50773897151998,
        "m_tpm": 6.87555928027899,
        "m_tpw": 0.4521630321922715,
        "tp": 658.2335999755858
    },
    "A_0.55_1_1e-08_256_32_4_16_32_8192": {
        "e": 0.037901405121447934,
        "a": 0.9646770057152,
        "l": 0.00012995,
        "a_tpm": 2.7293429658876525,
        "a_tpw": 0.8529230536675553,
        "u": 100.0,
        "au": 96.46770057152,
        "m_tpm": 4.347884291997189,
        "m_tpw": 1.1287195372141539,
        "tp": 263.2934399902344
    },
    "A_0.75_1_2e-09_256_32_4_16_32_8192": {
        "e": 0.021256871971291287,
        "a": 0.7483811721152,
        "l": 2.5990000000000004e-05,
        "a_tpm": 17.590864775904926,
        "a_tpw": 2.002232700859639,
        "u": 100.0,
        "au": 74.83811721152,
        "m_tpm": 28.022511497352053,
        "m_tpw": 2.8767481423111203,
        "tp": 1316.4671999511716
    },
    "A_0.85_1_4e-09_256_32_4_16_32_8192": {
        "e": 0.021248362033190506,
        "a": 0.7336339337151999,
        "l": 5.198000000000001e-05,
        "a_tpm": 8.972234921607582,
        "a_tpw": 2.1046270039191137,
        "u": 100.0,
        "au": 73.36339337151999,
        "m_tpm": 14.292904837292628,
        "m_tpw": 3.051495574599058,
        "tp": 658.2335999755858
    },
    "A_0.85_1_2e-09_256_32_4_16_32_8192": {
        "e": 0.021248361589265373,
        "a": 0.7336339337151999,
        "l": 2.5990000000000004e-05,
        "a_tpm": 17.944469843215163,
        "a_tpw": 2.104627484856739,
        "u": 100.0,
        "au": 73.36339337151999,
        "m_tpm": 28.585809674585256,
        "m_tpw": 3.051495574599058,
        "tp": 1316.4671999511716
    },
    "A_0.6_1_4e-09_256_32_4_16_32_8192": {
        "e": 0.027480798560284913,
        "a": 0.8368658313152001,
        "l": 5.198000000000001e-05,
        "a_tpm": 7.865461527340891,
        "a_tpw": 1.3001629539417374,
        "u": 100.0,
        "au": 83.68658313152001,
        "m_tpm": 12.529798215707777,
        "m_tpw": 1.7772808342584676,
        "tp": 658.2335999755858
    },
    "A_0.6_1_8e-09_256_32_4_16_32_8192": {
        "e": 0.027480798560284913,
        "a": 0.8368658313152001,
        "l": 0.00010396000000000001,
        "a_tpm": 3.9327307636704454,
        "a_tpw": 1.3001629539417374,
        "u": 100.0,
        "au": 83.68658313152001,
        "m_tpm": 6.264899107853888,
        "m_tpw": 1.7772808342584676,
        "tp": 329.1167999877929
    },
    "A_0.75_1_1e-08_256_32_4_16_32_8192": {
        "e": 0.021256872415216423,
        "a": 0.7483811721152,
        "l": 0.00012995,
        "a_tpm": 3.5181729551809866,
        "a_tpw": 2.002232247728108,
        "u": 100.0,
        "au": 74.83811721152,
        "m_tpm": 5.60450229947041,
        "m_tpw": 2.8767481423111203,
        "tp": 263.2934399902344
    },
    "A_0.6_1_2e-09_256_32_4_16_32_8192": {
        "e": 0.027480798116359777,
        "a": 0.8368658313152001,
        "l": 2.5990000000000004e-05,
        "a_tpm": 15.730923054681782,
        "a_tpw": 1.3001631933805837,
        "u": 100.0,
        "au": 83.68658313152001,
        "m_tpm": 25.059596431415553,
        "m_tpw": 1.7772808342584676,
        "tp": 1316.4671999511716
    },
    "A_0.55_1_6e-09_256_32_4_16_32_8192": {
        "e": 0.037901395651045056,
        "a": 0.9646770057152,
        "l": 7.796999999999997e-05,
        "a_tpm": 4.548904943146088,
        "a_tpw": 0.8529232212386649,
        "u": 100.0,
        "au": 96.46770057152,
        "m_tpm": 7.246473819995314,
        "m_tpw": 1.1287195372141539,
        "tp": 438.82239998372404
    },
    "A_0.55_1_2e-09_256_32_4_16_32_8192": {
        "e": 0.03790139520711992,
        "a": 0.9646770057152,
        "l": 2.5990000000000004e-05,
        "a_tpm": 13.646714829438263,
        "a_tpw": 0.8529233411181839,
        "u": 100.0,
        "au": 96.46770057152,
        "m_tpm": 21.73942145998594,
        "m_tpw": 1.1287195372141539,
        "tp": 1316.4671999511716
    },
    "A_0.8_1_1e-08_256_32_4_16_32_8192": {
        "e": 0.021093154329738156,
        "a": 0.7385495433152,
        "l": 0.00012995,
        "a_tpm": 3.5650071464178725,
        "a_tpw": 2.0778607504121296,
        "u": 100.0,
        "au": 73.85495433151999,
        "m_tpm": 5.679109868747079,
        "m_tpw": 3.019370347754169,