{
    "A_0.85_6_1e-08_512_512_32_64_128_131072": {
        "e": 0.00332824148161908,
        "a": 1125.3214499940786,
        "l": 2.1000000000000008e-07,
        "a_tpm": 0.15352847837892983,
        "a_tpw": 1.1042589030204355,
        "u": 0.23,
        "au": 258.8239334986381,
        "m_tpm": 0.20974265086766275,
        "m_tpw": 1.4498291382159934,
        "tp": 17276.888990476196
    },
    "A_0.85_4_1e-08_512_512_32_64_128_131072": {
        "e": 0.0045190254845682,
        "a": 1125.3214499940786,
        "l": 2.1000000000000008e-07,
        "a_tpm": 0.15352847837892983,
        "a_tpw": 0.8032367935112082,
        "u": 0.34,
        "au": 382.60929299798676,
        "m_tpm": 0.20974265086766275,
        "m_tpw": 1.0030729661917228,
        "tp": 17276.888990476196
    },
    "A_0.85_5_1e-08_512_512_32_64_128_131072": {
        "e": 0.00354708252243316,
        "a": 1125.3214499940786,
        "l": 2.1000000000000008e-07,
        "a_tpm": 0.15352847837892983,
        "a_tpw": 1.0320590383299273,
        "u": 0.27,
        "au": 303.8367914984013,
        "m_tpm": 0.20974265086766275,
        "m_tpw": 1.3403811503549932,
        "tp": 17276.888990476196
    },
    "A_0.85_1_1e-08_512_512_32_64_128_131072": {
        "e": 0.01593592945659871,
        "a": 1125.3214499940786,
        "l": 2.1000000000000008e-07,
        "a_tpm": 0.15352847837892983,
        "a_tpw": 0.22388958650129526,
        "u": 1.37,
        "au": 1541.690386491888,
        "m_tpm": 0.20974265086766275,
        "m_tpw": 0.25014936919133157,
        "tp": 17276.888990476196
    },
    "A_0.85_8_1e-08_512_512_32_64_128_131072": {
        "e": 0.0026678749950650627,
        "a": 1125.3214499940786,
        "l": 2.1000000000000008e-07,
        "a_tpm": 0.15352847837892983,
        "a_tpw": 1.4143494733186475,
        "u": 0.17,
        "au": 191.30464649899338,
        "m_tpm": 0.20974265086766275,
        "m_tpw": 2.01713786146465,
        "tp": 17276.888990476196
    },
    "A_0.85_2_1e-08_512_512_32_64_128_131072": {
        "e": 0.00827749206448931,
        "a": 1125.3214499940786,
        "l": 2.1000000000000008e-07,
        "a_tpm": 0.15352847837892983,
        "a_tpw": 0.43252177628703575,
        "u": 0.69,
        "au": 776.4718004959142,
        "m_tpm": 0.20974265086766275,
        "m_tpw": 0.5015143325574439,
        "tp": 17276.888990476196
    },
    "A_0.85_7_1e-08_512_512_32_64_128_131072": {
        "e": 0.003279059555260039,
        "a": 1125.3214499940786,
        "l": 2.1000000000000008e-07,
        "a_tpm": 0.15352847837892983,
        "a_tpw": 1.1215494350113973,
        "u": 0.2,
        "au": 225.06428999881575,
        "m_tpm": 0.20974265086766275,
        "m_tpw": 1.477243547683815,
        "tp": 17276.888990476196
    },
    "A_0.85_3_1e-08_512_512_32_64_128_131072": {
        "e": 0.0057102997223007846,
        "a": 1125.3214499940786,
        "l": 2.1000000000000008e-07,
        "a_tpm": 0.15352847837892983,
        "a_tpw": 0.6296796064089814,
        "u": 0.46,
        "au": 517.6478669972762,
        "m_tpm": 0.20974265086766275,
        "m_tpw": 0.7628768733814804,
        "tp": 17276.888990476196
    }
}