{
    "A_0.75_8_1e-09_512_128_4_64_128_131072": {
        "e": 0.000809461933154599,
        "a": 36.706365219304956,
        "l": 8e-09,
        "a_tpm": 48.64200498558131,
        "a_tpw": 1.8061928768894935,
        "u": 10.43,
        "au": 382.8473892373507,
        "m_tpm": 122.02177941727595,
        "m_tpw": 1.9644391875004084,
        "tp": 178547.12
    },
    "A_0.5_2_4e-09_512_512_8_32_32_16384": {
        "e": 0.0029306696029870486,
        "a": 35.21827302506496,
        "l": 3.2e-08,
        "a_tpm": 12.674323913677384,
        "a_tpw": 0.49349304541312033,
        "u": 41.71,
        "au": 1468.9541678754595,
        "m_tpm": 31.79440397895361,
        "m_tpw": 0.5187789686176076,
        "tp": 44636.78
    },
    "A_0.55_4_1e-09_512_512_32_4_64_32768": {
        "e": 0.0014896274186690232,
        "a": 35.30081168906496,
        "l": 8e-09,
        "a_tpm": 50.57875767069347,
        "a_tpw": 0.9741424007894759,
        "u": 20.86,
        "au": 736.374931833895,
        "m_tpm": 126.88025531683286,
        "m_tpw": 1.0303840981761838,
        "tp": 178547.12
    }
}