{
    "A_0.75_1_1e-09_512_32_8_8_8_65536": {
        "e": 0.0012862593783499981,
        "a": 0.5912269797376,
        "l": 5.605999999999999e-06,
        "a_tpm": 4.726484236629778,
        "a_tpw": 0.43265889070995733,
        "u": 71.78,
        "au": 42.438272605564926,
        "m_tpm": 25.460272477214716,
        "m_tpw": 1.366060500087428,
        "tp": 279.44249999999994
    },
    "A_0.6_1_8e-09_16_64_1_16_128_524288": {
        "e": 0.001668153904346071,
        "a": 3.5480601482944,
        "l": 2.1488e-05,
        "a_tpm": 0.07507369908497548,
        "a_tpw": 0.35453461924086344,
        "u": 97.66,
        "au": 346.5035540824311,
        "m_tpm": 0.18038025660519216,
        "m_tpw": 1.355978977769755,
        "tp": 26.636599990844726
    }
}