{
    "A_0.7_1_4e-09_256_32_1_16_8_4096": {
        "e": 0.005158889079327506,
        "a": 0.0736902366272,
        "l": 2.7816e-05,
        "a_tpm": 7.586855012308627,
        "a_tpw": 1.141249082751242,
        "u": 100.0,
        "au": 7.369023662720001,
        "m_tpm": 8.89344409783179,
        "m_tpw": 2.2987947694878947,
        "tp": 55.907714111328126
    },
    "A_0.7_1_4e-09_256_32_8_8_32_131072": {
        "e": 0.005280252174753302,
        "a": 1.4190003201152,
        "l": 2.1800000000000003e-06,
        "a_tpm": 5.583049176967606,
        "a_tpw": 0.9609497547142418,
        "u": 100.0,
        "au": 141.90003201151998,
        "m_tpm": 7.38954026391532,
        "m_tpw": 1.7058456190609275,
        "tp": 792.2348569335937
    },
    "A_0.7_1_4e-09_256_32_1_4_4_16384": {
        "e": 0.005407216173375637,
        "a": 0.1131269122384,
        "l": 0.00020926,
        "a_tpm": 0.6420348999554488,
        "a_tpw": 0.9211771713762179,
        "u": 100.0,
        "au": 11.31269122384,
        "m_tpm": 0.724142455398804,
        "m_tpw": 1.8384083207831323,
        "tp": 7.263142578125
    },
    "A_0.7_1_4e-09_256_32_1_8_8_131072": {
        "e": 0.005534635379502249,
        "a": 0.7248005183136,
        "l": 5.5628e-05,
        "a_tpm": 0.3865525519243786,
        "a_tpw": 0.810033364043635,
        "u": 100.0,
        "au": 72.48005183136,
        "m_tpm": 0.45209680694271026,
        "m_tpw": 1.659296734291637,
        "tp": 28.017348999023437
    },
    "A_0.7_1_4e-09_256_32_2_8_32_65536": {
        "e": 0.005239436814395638,
        "a": 0.5605958300288,
        "l": 8.3e-06,
        "a_tpm": 3.6303694943564686,
        "a_tpw": 1.0248910249513594,
        "u": 100.0,
        "au": 56.05958300288,
        "m_tpm": 4.676167498187287,
        "m_tpw": 1.9306522082954414,
        "tp": 203.517
    },
    "A_0.7_1_4e-09_256_32_16_8_64_32768": {
        "e": 0.005624803759426752,
        "a": 3.0488659540608,
        "l": 7.799999999999999e-07,
        "a_tpm": 8.067967687050757,
        "a_tpw": 0.903738034170557,
        "u": 100.0,
        "au": 304.88659540608,
        "m_tpm": 13.756931472876282,
        "m_tpw": 1.8036810099228433,
        "tp": 2459.8151999511715
    },
    "A_0.7_1_4e-09_256_32_32_8_16_16384": {
        "e": 0.005263352577129185,
        "a": 1.5415141794303997,
        "l": 1.172e-06,
        "a_tpm": 9.809705419373831,
        "a_tpw": 0.9851954689804148,
        "u": 100.0,
        "au": 154.15141794303997,
        "m_tpm": 13.60449373728701,
        "m_tpw": 1.866286680744938,
        "tp": 1512.1799999999998
    },
    "A_0.7_1_4e-09_256_32_16_4_64_65536": {
        "e": 0.0053302749567048086,
        "a": 1.8197784770303997,
        "l": 1.2280000000000001e-06,
        "a_tpm": 8.291756491495164,
        "a_tpw": 0.913551837207472,
        "u": 100.0,
        "au": 181.97784770303997,
        "m_tpm": 11.524215867319363,
        "m_tpw": 1.7362963160514895,
        "tp": 1508.916
    },
    "A_0.7_1_4e-09_256_32_2_64_4_4096": {
        "e": 0.005153541896643216,
        "a": 0.2076428916288,
        "l": 8.3e-06,
        "a_tpm": 9.801298681768705,
        "a_tpw": 1.134126505966233,
        "u": 100.0,
        "au": 20.76428916288,
        "m_tpm": 12.624751945211337,
        "m_tpw": 2.170850445423778,
        "tp": 203.517
    },
    "A_0.7_1_4e-09_256_32_4_8_128_16384": {
        "e": 0.005241758953409478,
        "a": 1.5537312322304,
        "l": 1.332e-06,
        "a_tpm": 9.165368954807942,
        "a_tpw": 1.004270350178768,
        "u": 100.0,
        "au": 155.37312322304,
        "m_tpm": 13.497521041586532,
        "m_tpw": 1.9225563539718478,
        "tp": 1424.052
    },
    "A_0.7_1_4e-09_256_32_16_4_32_131072": {
        "e": 0.005277639497847469,
        "a": 1.4205003201152,
        "l": 2.0720000000000002e-06,
        "a_tpm": 5.664044581461821,
        "a_tpw": 0.9566104346536672,
        "u": 100.0,
        "au": 142.05003201152,
        "m_tpm": 7.381737160854439,
        "m_tpw": 1.7277717328804083,
        "tp": 804.5777141113281
    },
    "A_0.7_1_4e-09_256_32_16_16_4_8192": {
        "e": 0.005156639741232989,
        "a": 0.4069938832576,
        "l": 4.204e-06,
        "a_tpm": 9.967289143615343,
        "a_tpw": 1.121186119389381,
        "u": 100.0,
        "au": 40.69938832576,
        "m_tpm": 12.881962642867547,
        "m_tpw": 2.0355441840105883,
        "tp": 405.6625714111328
    },
    "A_0.7_1_4e-09_256_32_1_16_16_16384": {
        "e": 0.005157893086609842,
        "a": 0.1968108862144,
        "l": 1.5704e-05,
        "a_tpm": 5.418428495614907,
        "a_tpw": 1.1387692608197502,
        "u": 100.0,
        "au": 19.681088621439997,
        "m_tpm": 6.659794207583314,
        "m_tpw": 2.202577967735933,
        "tp": 106.64057141113281
    },
    "A_0.7_1_4e-09_256_32_32_8_64_32768": {
        "e": 0.005532493525777449,
        "a": 5.922586908121599,
        "l": 5.04e-07,
        "a_tpm": 7.473902989806692,
        "a_tpw": 0.7896504709883486,
        "u": 100.0,
        "au": 592.2586908121599,
        "m_tpm": 14.1637566997907,
        "m_tpw": 1.8036810099228433,
        "tp": 4426.4839999999995
    },
    "A_0.7_1_4e-09_256_32_32_8_4_8192": {
        "e": 0.005156840295365163,
        "a": 0.40999388325759994,
        "l": 4.204e-06,
        "a_tpm": 9.894356671566591,
        "a_tpw": 1.117875245517592,
        "u": 100.0,
        "au": 40.999388325759995,
        "m_tpm": 12.78770297337799,
        "m_tpw": 2.033541394443258,
        "tp": 405.6625714111328
    },
    "A_0.7_1_4e-09_256_32_1_16_16_4096": {
        "e": 0.0051318295682099965,
        "a": 0.11830158621439998,
        "l": 1.5704e-05,
        "a_tpm": 9.014297679649559,
        "a_tpw": 1.1792345081276647,
        "u": 100.0,
        "au": 11.830158621439999,
        "m_tpm": 11.079479506086754,
        "m_tpw": 2.295377220456108,
        "tp": 106.64057141113281
    },
    "A_0.7_1_4e-09_256_32_8_8_64_16384": {
        "e": 0.0052738954018019734,
        "a": 1.5442244770304,
        "l": 1.332e-06,
        "a_tpm": 9.221793989035222,
        "a_tpw": 0.9763100266103036,
        "u": 100.0,
        "au": 154.42244770303998,
        "m_tpm": 13.580616232899635,
        "m_tpw": 1.8948581130244966,
        "tp": 1424.052
    },
    "A_0.7_1_4e-09_256_32_4_4_16_2048": {
        "e": 0.005130541462162626,
        "a": 0.0986413862144,
        "l": 1.5704e-05,
        "a_tpm": 10.810936008071332,
        "a_tpw": 1.1807470341804538,
        "u": 100.0,
        "au": 9.864138621439999,
        "m_tpm": 13.287728916857583,
        "m_tpw": 2.3083582512912035,
        "tp": 106.64057141113281
    },
    "A_0.7_1_4e-09_256_32_2_4_4_4096": {
        "e": 0.005193215838416116,
        "a": 0.0403805244768,
        "l": 0.000109004,
        "a_tpm": 3.5407450241372307,
        "a_tpw": 1.0937873867348624,
        "u": 100.0,
        "au": 4.03805244768,
        "m_tpm": 4.05740148556346,
        "m_tpw": 2.1916782153497425,
        "tp": 14.297714111328123
    },
    "A_0.7_1_4e-09_256_32_8_16_4_8192": {
        "e": 0.005162470760170127,
        "a": 0.22708069162879999,
        "l": 8.3e-06,
        "a_tpm": 8.96232077418019,
        "a_tpw": 1.1212876802260083,
        "u": 100.0,
        "au": 22.708069162879998,
        "m_tpm": 11.544090257947452,
        "m_tpw": 2.092484465395329,
        "tp": 203.517
    },
    "A_0.7_1_4e-09_256_32_16_4_32_8192": {
        "e": 0.005185467538319692,
        "a": 0.7653788201152,
        "l": 2.0720000000000002e-06,
        "a_tpm": 10.512150231570663,
        "a_tpw": 1.0745502329567882,
        "u": 100.0,
        "au": 76.53788201152,
        "m_tpm": 13.70009167280295,
        "m_tpw": 1.9764870772531318,
        "tp": 804.5777141113281
    },
    "A_0.7_1_4e-09_256_32_16_4_8_32768": {
        "e": 0.005201999357867786,
        "a": 0.3567371465088,
        "l": 8.3e-06,
        "a_tpm": 5.704956772562501,
        "a_tpw": 1.055970423890185,