{
    "A_0.75_8_8e-09_64_32_16_64_128_131072": {
        "e": 0.018102795445445276,
        "a": 35.40869645101312,
        "l": 7.68e-07,
        "a_tpm": 9.7900143960072,
        "a_tpw": 1.7050213007712958,
        "u": 98.44,
        "au": 3485.6320786377314,
        "m_tpm": 18.65651509972767,
        "m_tpw": 1.922925455717949,
        "tp": 34665.16479992676
    },
    "A_0.65_8_2e-09_64_32_16_64_128_131072": {
        "e": 0.017890980899153728,
        "a": 35.40869645101312,
        "l": 1.92e-07,
        "a_tpm": 39.1600575840288,
        "a_tpw": 1.7259564978651876,
        "u": 98.44,
        "au": 3485.6320786377314,
        "m_tpm": 74.62606039891068,
        "m_tpw": 1.9482640811176113,
        "tp": 138660.65919970704
    },
    "A_0.7_8_4e-09_64_32_16_64_128_131072": {
        "e": 0.017993529146744465,
        "a": 35.40869645101312,
        "l": 3.84e-07,
        "a_tpm": 19.5800287920144,
        "a_tpw": 1.715790320890153,
        "u": 98.44,
        "au": 3485.6320786377314,
        "m_tpm": 37.31303019945534,
        "m_tpw": 1.9362793694854763,
        "tp": 69330.32959985352
    },
    "A_0.5_8_8e-09_64_32_16_64_128_131072": {
        "e": 0.017629435163100674,
        "a": 35.40869645101312,
        "l": 7.68e-07,
        "a_tpm": 9.7900143960072,
        "a_tpw": 1.7524233187000426,
        "u": 98.44,
        "au": 3485.6320786377314,
        "m_tpm": 18.65651509972767,
        "m_tpw": 1.9798931554618437,
        "tp": 34665.16479992676
    },
    "A_0.85_8_1e-08_64_32_16_64_128_131072": {
        "e": 0.01834713896741148,
        "a": 35.40869645101312,
        "l": 9.600000000000001e-07,
        "a_tpm": 7.832011516805761,
        "a_tpw": 1.6817127296852228,
        "u": 98.44,
        "au": 3485.6320786377314,
        "m_tpm": 14.92521207978214,
        "m_tpw": 1.8958329288889746,
        "tp": 27732.1318399414
    },
    "A_0.55_8_4e-09_64_32_16_64_128_131072": {
        "e": 0.017708871036392595,
        "a": 35.40869645101312,
        "l": 3.84e-07,
        "a_tpm": 19.5800287920144,
        "a_tpw": 1.7442984232070227,
        "u": 98.44,
        "au": 3485.6320786377314,
        "m_tpm": 37.31303019945534,
        "m_tpw": 1.9701967548810442,
        "tp": 69330.32959985352
    },
    "A_0.65_8_8e-09_64_32_16_64_128_131072": {
        "e": 0.01789098089915373,
        "a": 35.40869645101312,
        "l": 7.68e-07,
        "a_tpm": 9.7900143960072,
        "a_tpw": 1.725956497865187,
        "u": 98.44,
        "au": 3485.6320786377314,
        "m_tpm": 18.65651509972767,
        "m_tpw": 1.948264081117611,
        "tp": 34665.16479992676
    },
    "A_0.75_8_6e-09_64_32_16_64_128_131072": {
        "e": 0.018102795445445276,
        "a": 35.40869645101312,
        "l": 5.76e-07,
        "a_tpm": 13.053352528009603,
        "a_tpw": 1.7050213007712958,
        "u": 98.44,
        "au": 3485.6320786377314,
        "m_tpm": 24.87535346630357,
        "m_tpw": 1.9229254557179492,
        "tp": 46220.21973323569
    },
    "A_0.85_8_8e-09_64_32_16_64_128_131072": {
        "e": 0.01834713896741148,
        "a": 35.40869645101312,
        "l": 7.68e-07,
        "a_tpm": 9.7900143960072,
        "a_tpw": 1.681712729685223,
        "u": 98.44,
        "au": 3485.6320786377314,
        "m_tpm": 18.65651509972767,
        "m_tpw": 1.8958329288889748,
        "tp": 34665.16479992676
    },
    "A_0.5_8_4e-09_64_32_16_64_128_131072": {
        "e": 0.017629435163100674,
        "a": 35.40869645101312,
        "l": 3.84e-07,
        "a_tpm": 19.5800287920144,
        "a_tpw": 1.7524233187000426,
        "u": 98.44,
        "au": 3485.6320786377314,
        "m_tpm": 37.31303019945534,
        "m_tpw": 1.979893155461844,
        "tp": 69330.32959985352
    },
    "A_0.55_8_1e-08_64_32_16_64_128_131072": {
        "e": 0.0177088710363926,
        "a": 35.40869645101312,
        "l": 9.600000000000001e-07,
        "a_tpm": 7.832011516805761,
        "a_tpw": 1.7442984232070224,
        "u": 98.44,
        "au": 3485.6320786377314,
        "m_tpm": 14.92521207978214,
        "m_tpw": 1.9701967548810437,
        "tp": 27732.1318399414
    },
    "A_0.75_8_2e-09_64_32_16_64_128_131072": {
        "e": 0.018102795445445272,
        "a": 35.40869645101312,
        "l": 1.92e-07,
        "a_tpm": 39.1600575840288,
        "a_tpw": 1.705021300771296,
        "u": 98.44,
        "au": 3485.6320786377314,
        "m_tpm": 74.62606039891068,
        "m_tpw": 1.9229254557179494,
        "tp": 138660.65919970704
    },
    "A_0.8_8_4e-09_64_32_16_64_128_131072": {
        "e": 0.018222275236606158,
        "a": 35.40869645101312,
        "l": 3.84e-07,
        "a_tpm": 19.5800287920144,
        "a_tpw": 1.6935917040214576,
        "u": 98.44,
        "au": 3485.6320786377314,
        "m_tpm": 37.31303019945534,
        "m_tpw": 1.909745139163892,
        "tp": 69330.32959985352
    },
    "A_0.55_8_8e-09_64_32_16_64_128_131072": {
        "e": 0.0177088710363926,
        "a": 35.40869645101312,
        "l": 7.68e-07,
        "a_tpm": 9.7900143960072,
        "a_tpw": 1.7442984232070224,
        "u": 98.44,
        "au": 3485.6320786377314,
        "m_tpm": 18.65651509972767,
        "m_tpw": 1.970196754881044,
        "tp": 34665.16479992676
    },
    "A_0.85_8_2e-09_64_32_16_64_128_131072": {
        "e": 0.018347138967411473,
        "a": 35.40869645101312,
        "l": 1.92e-07,
        "a_tpm": 39.1600575840288,
        "a_tpw": 1.6817127296852232,
        "u": 98.44,
        "au": 3485.6320786377314,
        "m_tpm": 74.62606039891068,
        "m_tpw": 1.895832928888975,
        "tp": 138660.65919970704
    },
    "A_0.65_8_4e-09_64_32_16_64_128_131072": {
        "e": 0.017890980899153728,
        "a": 35.40869645101312,
        "l": 3.84e-07,
        "a_tpm": 19.5800287920144,
        "a_tpw": 1.7259564978651876,
        "u": 98.44,
        "au": 3485.6320786377314,
        "m_tpm": 37.31303019945534,
        "m_tpw": 1.9482640811176113,
        "tp": 69330.32959985352
    },
    "A_0.65_8_6e-09_64_32_16_64_128_131072": {
        "e": 0.01789098089915373,
        "a": 35.40869645101312,
        "l": 5.76e-07,
        "a_tpm": 13.053352528009603,
        "a_tpw": 1.7259564978651871,
        "u": 98.44,
        "au": 3485.6320786377314,
        "m_tpm": 24.87535346630357,
        "m_tpw": 1.948264081117611,
        "tp": 46220.21973323569
    },
    "A_0.75_8_1e-08_64_32_16_64_128_131072": {
        "e": 0.018102795445445276,
        "a": 35.40869645101312,
        "l": 9.600000000000001e-07,
        "a_tpm": 7.832011516805761,
        "a_tpw": 1.7050213007712955,
        "u": 98.44,
        "au": 3485.6320786377314,
        "m_tpm": 14.92521207978214,
        "m_tpw": 1.9229254557179487,
        "tp": 27732.1318399414
    },
    "A_0.7_8_2e-09_64_32_16_64_128_131072": {
        "e": 0.017993529146744465,
        "a": 35.40869645101312,
        "l": 1.92e-07,
        "a_tpm": 39.1600575840288,
        "a_tpw": 1.715790320890153,
        "u": 98.44,
        "au": 3485.6320786377314,
        "m_tpm": 74.62606039891068,
        "m_tpw": 1.9362793694854763,
        "tp": 138660.65919970704
    },
    "A_0.55_8_6e-09_64_32_16_64_128_131072": {
        "e": 0.0177088710363926,
        "a": 35.40869645101312,
        "l": 5.76e-07,
        "a_tpm": 13.053352528009603,
        "a_tpw": 1.7442984232070224,
        "u": 98.44,
        "au": 3485.6320786377314,
        "m_tpm": 24.87535346630357,
        "m_tpw": 1.970196754881044,
        "tp": 46220.21973323569
    },
    "A_0.6_8_2e-09_64_32_16_64_128_131072": {
        "e": 0.01779620211821687,
        "a": 35.40869645101312,
        "l": 1.92e-07,
        "a_tpm": 39.1600575840288,
        "a_tpw": 1.7354562981019177,
        "u": 98.44,
        "au": 3485.6320786377314,
        "m_tpm": 74.62606039891068,
        "m_tpw": 1.9596113134475113,
        "tp": 138660.65919970704
    },
    "A_0.8_8_8e-09_64_32_16_64_128_131072": {
        "e": 0.01822227523660616,