{
    "A_0.85_1_1e-08_256_256_32_64_128_131072": {
        "e": 0.02185016608856159,
        "a": 635.9941412779649,
        "l": 9.690000000000004e-06,
        "a_tpm": 0.09903145314112688,
        "a_tpw": 2.0489449306870826,
        "u": 4.79,
        "au": 3046.411936721452,
        "m_tpm": 0.3231490396861626,
        "m_tpw": 4.0124639327642,
        "tp": 6298.3423999999995
    },
    "A_0.85_1_1e-08_512_512_32_64_128_131072": {
        "e": 0.021592875926867146,
        "a": 1367.1017522558593,
        "l": 9.690000000000004e-06,
        "a_tpm": 0.046070765322384265,
        "a_tpw": 2.049294655545464,
        "u": 1.2,
        "au": 1640.522102707031,
        "m_tpm": 0.15033328401552354,
        "m_tpw": 4.252242190297974,
        "tp": 6298.3423999999995
    },
    "A_0.85_1_1e-08_32_128_32_64_128_131072": {
        "e": 0.023217089689818237,
        "a": 295.2557834073728,
        "l": 9.690000000000004e-06,
        "a_tpm": 0.2133181720376328,
        "a_tpw": 1.8389058073559115,
        "u": 76.56,
        "au": 22604.78277766846,
        "m_tpm": 0.6960774607975654,
        "m_tpw": 3.702385544749461,
        "tp": 6298.3423999999995
    },
    "A_0.85_1_1e-08_64_512_32_64_128_131072": {
        "e": 0.022211525482403547,
        "a": 1185.4524573021824,
        "l": 9.690000000000004e-06,
        "a_tpm": 0.053130282544890765,
        "a_tpw": 2.006189311109881,
        "u": 9.57,
        "au": 11344.780016381887,
        "m_tpm": 0.17336915937372838,
        "m_tpw": 4.090780613621803,
        "tp": 6298.3423999999995
    },
    "A_0.85_1_1e-08_256_128_32_64_128_131072": {
        "e": 0.0221933717277041,
        "a": 322.4957826397824,
        "l": 9.690000000000004e-06,
        "a_tpm": 0.19529999271447987,
        "a_tpw": 1.9847534452454398,
        "u": 9.57,
        "au": 3086.284639862718,
        "m_tpm": 0.6372824299211389,
        "m_tpw": 3.862946371179083,
        "tp": 6298.3423999999995
    },
    "A_0.85_1_1e-08_32_512_32_64_128_131072": {
        "e": 0.022463423512330213,
        "a": 1171.9625876534913,
        "l": 9.690000000000004e-06,
        "a_tpm": 0.053741838402969574,
        "a_tpw": 1.9359834589970404,
        "u": 19.14,
        "au": 22431.363927687824,
        "m_tpm": 0.17536472423705507,
        "m_tpw": 3.8232757405678983,
        "tp": 6298.3423999999995
    },
    "A_0.85_1_1e-08_32_64_32_64_128_131072": {
        "e": 0.023400006514422842,
        "a": 149.24198648848642,
        "l": 1.0260000000000002e-05,
        "a_tpm": 0.323657980817124,
        "a_tpw": 1.75144702593555,
        "u": 76.56,
        "au": 11425.96648555852,
        "m_tpm": 0.6885491838982435,
        "m_tpw": 3.135862628143891,
        "tp": 4830.335999999999
    },
    "A_0.85_1_1e-08_64_64_32_64_128_131072": {
        "e": 0.024063001344857865,
        "a": 152.1532396992128,
        "l": 9.690000000000004e-06,
        "a_tpm": 0.4139473081513746,
        "a_tpw": 1.7086509115408541,
        "u": 76.56,
        "au": 11648.852031371733,
        "m_tpm": 1.3507493919044256,
        "m_tpw": 3.291635769178913,
        "tp": 6298.3423999999995
    },
    "A_0.85_1_1e-08_512_32_32_64_128_131072": {
        "e": 0.02995582508454432,
        "a": 104.35262638629119,
        "l": 9.690000000000004e-06,
        "a_tpm": 0.6035633810197434,
        "a_tpw": 1.1843563474189505,
        "u": 19.14,
        "au": 1997.3092690336134,
        "m_tpm": 1.9694846513896587,
        "m_tpw": 2.19733703845375,
        "tp": 6298.3423999999995
    },
    "A_0.85_1_1e-08_512_64_32_64_128_131072": {
        "e": 0.024101100134214924,
        "a": 185.7024025949824,
        "l": 9.690000000000004e-06,
        "a_tpm": 0.33916321555282763,
        "a_tpw": 1.7166461057069313,
        "u": 9.57,
        "au": 1777.1719928339817,
        "m_tpm": 1.106721793192099,
        "m_tpw": 3.4739823732913573,
        "tp": 6298.3423999999995
    },
    "A_0.85_1_1e-08_128_64_32_64_128_131072": {
        "e": 0.02402491443736006,
        "a": 156.94671508578563,
        "l": 9.690000000000004e-06,
        "a_tpm": 0.4013045062177557,
        "a_tpw": 1.7363749659877825,
        "u": 38.28,
        "au": 6007.920253483874,
        "m_tpm": 1.309494728116254,
        "m_tpw": 3.293273081365449,
        "tp": 6298.3423999999995
    },
    "A_0.85_1_1e-08_128_32_32_64_128_131072": {
        "e": 0.02888235657266725,
        "a": 82.00130910593279,
        "l": 9.690000000000004e-06,
        "a_tpm": 0.7680782744411474,
        "a_tpw": 1.2509163442766216,
        "u": 76.56,
        "au": 6278.020225150215,
        "m_tpm": 2.5063123777024017,
        "m_tpw": 2.229874755962507,
        "tp": 6298.3423999999995
    },
    "A_0.85_1_1e-08_32_32_32_64_128_131072": {
        "e": 0.02625579777343357,
        "a": 75.8976769980032,
        "l": 1.2660000000000002e-05,
        "a_tpm": 0.3946534490217407,
        "a_tpw": 1.4155140370478363,
        "u": 76.56,
        "au": 5810.726150967125,
        "m_tpm": 0.6769670170715734,
        "m_tpw": 2.1712486381928544,
        "tp": 2995.328
    },
    "A_0.85_1_1e-08_512_128_32_64_128_131072": {
        "e": 0.022099018336165694,
        "a": 353.03623576756485,
        "l": 9.690000000000004e-06,
        "a_tpm": 0.1784049840183193,
        "a_tpw": 1.9692780349665382,
        "u": 4.79,
        "au": 1691.0435693266356,
        "m_tpm": 0.5821524115029164,
        "m_tpw": 4.063169610351785,
        "tp": 6298.3423999999995
    },
    "A_0.85_1_1e-08_256_512_32_64_128_131072": {
        "e": 0.02150735585353715,
        "a": 1263.3033681991296,
        "l": 9.690000000000004e-06,
        "a_tpm": 0.04985613557714521,
        "a_tpw": 2.0698193274189656,
        "u": 2.39,
        "au": 3019.29504999592,
        "m_tpm": 0.16268530677075227,
        "m_tpw": 4.035444764123411,
        "tp": 6298.3423999999995
    },
    "A_0.85_1_1e-08_32_256_32_64_128_131072": {
        "e": 0.022672038785489828,
        "a": 587.4789915555456,
        "l": 9.690000000000004e-06,
        "a_tpm": 0.10720966180123391,
        "a_tpw": 1.9105475897864697,
        "u": 38.28,
        "au": 22488.695796746284,
        "m_tpm": 0.3498353114820586,
        "m_tpw": 3.7178126650708823,
        "tp": 6298.3423999999995
    },
    "A_0.85_1_1e-08_256_64_32_64_128_131072": {
        "e": 0.023402055323445362,
        "a": 166.53265644069123,
        "l": 9.690000000000004e-06,
        "a_tpm": 0.37820464373863427,
        "a_tpw": 1.7637148409655716,
        "u": 19.14,
        "au": 3187.43504427483,
        "m_tpm": 1.2341176823369415,
        "m_tpw": 3.2034722563925926,
        "tp": 6298.3423999999995
    },
    "A_0.85_1_1e-08_128_128_32_64_128_131072": {
        "e": 0.02227501242047791,
        "a": 307.2245244982912,
        "l": 9.690000000000004e-06,
        "a_tpm": 0.20500780041194372,
        "a_tpw": 1.9486512994637772,
        "u": 19.14,
        "au": 5880.277398897294,
        "m_tpm": 0.6689599286893619,
        "m_tpw": 3.8342805540013942,
        "tp": 6298.3423999999995
    },
    "A_0.85_1_1e-08_64_32_32_64_128_131072": {
        "e": 0.027674722571974085,
        "a": 78.2752278836864,
        "l": 1.0260000000000002e-05,
        "a_tpm": 0.6170963829294336,
        "a_tpw": 1.3133475700979367,
        "u": 76.56,
        "au": 5992.751446775031,
        "m_tpm": 1.3128093111743806,
        "m_tpw": 2.168596775626222,
        "tp": 4830.335999999999
    },
    "A_0.85_1_1e-08_256_32_32_64_128_131072": {
        "e": 0.02927249330690379,
        "a": 89.4524464035456,
        "l": 9.690000000000004e-06,
        "a_tpm": 0.704099513565719,
        "a_tpw": 1.2483871238098376,
        "u": 38.28,
        "au": 3424.2396483277253,
        "m_tpm": 2.2975436029198844,
        "m_tpw": 2.1057156872786473,
        "tp": 6298.3423999999995
    },
    "A_0.85_1_1e-08_512_256_32_64_128_131072": {
        "e": 0.021516254897428762,
        "a": 690.8490296391295,
        "l": 9.690000000000004e-06,