{
    "A_0.75_1_2e-09_16_32_8_32_4_8192": {
        "e": 0.023794054912128406,
        "a": 0.3359760582336,
        "l": 0.0007328940000000002,
        "a_tpm": 1.3755198240771773,
        "a_tpw": 1.6599805629663837,
        "u": 100.0,
        "au": 33.59760582336,
        "m_tpm": 1.9506151820625752,
        "m_tpw": 2.4036191042876873,
        "tp": 46.214172851562495
    },
    "A_0.65_1_6e-09_32_64_6_8_2_131072": {
        "e": 0.032927065991893587,
        "a": 0.7575189582976001,
        "l": 0.007074192000000001,
        "a_tpm": 0.06907470739507006,
        "a_tpw": 1.0107077596519547,
        "u": 99.75,
        "au": 75.56251609018561,
        "m_tpm": 0.10786733267085488,
        "m_tpw": 1.5058340202185176,
        "tp": 5.2325400390625
    },
    "A_0.7_1_1e-08_256_256_8_32_64_262144": {
        "e": 0.017599956495020067,
        "a": 40.974136164172805,
        "l": 9.690000000000004e-06,
        "a_tpm": 1.5371507466964442,
        "a_tpw": 2.6920644260975917,
        "u": 76.56,
        "au": 3136.97986472907,
        "m_tpm": 5.015868917322155,
        "m_tpw": 4.887577888441229,
        "tp": 6298.3423999999995
    }
}