{
    "A_0.75_8_8e-09_512_128_4_32_32_8192": {
        "e": 0.0019914104058863943,
        "a": 4.5292078566131195,
        "l": 2.2399999999999991e-07,
        "a_tpm": 39.278177997770854,
        "a_tpw": 1.7994342325784647,
        "u": 43.07,
        "au": 195.07298238432705,
        "m_tpm": 63.811105418359084,
        "m_tpw": 2.07497147495214,
        "tp": 17789.903238095234
    },
    "A_0.65_8_2e-09_512_128_4_32_32_8192": {
        "e": 0.0019564457326008075,
        "a": 4.5292078566131195,
        "l": 5.599999999999998e-08,
        "a_tpm": 157.11271199108342,
        "a_tpw": 1.8273614047357858,
        "u": 43.07,
        "au": 195.07298238432705,
        "m_tpm": 255.24442167343634,
        "m_tpw": 2.1007522104618936,
        "tp": 71159.61295238094
    },
    "A_0.7_8_4e-09_512_128_4_32_32_8192": {
        "e": 0.0019733251026384318,
        "a": 4.5292078566131195,
        "l": 1.1199999999999996e-07,
        "a_tpm": 78.55635599554171,
        "a_tpw": 1.8137372883035368,
        "u": 43.07,
        "au": 195.07298238432705,
        "m_tpm": 127.62221083671817,
        "m_tpw": 2.088285074902944,
        "tp": 35579.80647619047
    },
    "A_0.5_8_8e-09_512_128_4_32_32_8192": {
        "e": 0.0019133889390040841,
        "a": 4.5292078566131195,
        "l": 2.2399999999999991e-07,
        "a_tpm": 39.278177997770854,
        "a_tpw": 1.8632432362786806,
        "u": 43.07,
        "au": 195.07298238432705,
        "m_tpm": 63.811105418359084,
        "m_tpw": 2.133223456966091,
        "tp": 17789.903238095234
    },
    "A_0.85_8_1e-08_512_128_4_32_32_8192": {
        "e": 0.002031429646163116,
        "a": 4.5292078566131195,
        "l": 2.800000000000001e-07,
        "a_tpm": 31.4225423982167,
        "a_tpw": 1.768568238904131,
        "u": 43.07,
        "au": 195.07298238432705,
        "m_tpm": 51.04888433468727,
        "m_tpw": 2.04648674871998,
        "tp": 14231.922590476195
    },
    "A_0.55_8_4e-09_512_128_4_32_32_8192": {
        "e": 0.0019264399235465871,
        "a": 4.5292078566131195,
        "l": 1.1199999999999996e-07,
        "a_tpm": 78.55635599554171,
        "a_tpw": 1.8521806620438355,
        "u": 43.07,
        "au": 195.07298238432705,
        "m_tpm": 127.62221083671817,
        "m_tpw": 2.123250441636092,
        "tp": 35579.80647619047
    },
    "A_0.65_8_8e-09_512_128_4_32_32_8192": {
        "e": 0.0019564457326008075,
        "a": 4.5292078566131195,
        "l": 2.2399999999999991e-07,
        "a_tpm": 39.278177997770854,
        "a_tpw": 1.8273614047357858,
        "u": 43.07,
        "au": 195.07298238432705,
        "m_tpm": 63.811105418359084,
        "m_tpw": 2.1007522104618936,
        "tp": 17789.903238095234
    },
    "A_0.75_8_6e-09_512_128_4_32_32_8192": {
        "e": 0.0019914104058863943,
        "a": 4.5292078566131195,
        "l": 1.68e-07,
        "a_tpm": 52.370903997027796,
        "a_tpw": 1.7994342325784647,
        "u": 43.07,
        "au": 195.07298238432705,
        "m_tpm": 85.08147389114544,
        "m_tpw": 2.07497147495214,
        "tp": 23719.870984126985
    },
    "A_0.85_8_8e-09_512_128_4_32_32_8192": {
        "e": 0.002031429646163116,
        "a": 4.5292078566131195,
        "l": 2.2399999999999991e-07,
        "a_tpm": 39.278177997770854,
        "a_tpw": 1.768568238904131,
        "u": 43.07,
        "au": 195.07298238432705,
        "m_tpm": 63.811105418359084,
        "m_tpw": 2.04648674871998,
        "tp": 17789.903238095234
    },
    "A_0.5_8_4e-09_512_128_4_32_32_8192": {
        "e": 0.0019133889390040841,
        "a": 4.5292078566131195,
        "l": 1.1199999999999996e-07,
        "a_tpm": 78.55635599554171,
        "a_tpw": 1.8632432362786806,
        "u": 43.07,
        "au": 195.07298238432705,
        "m_tpm": 127.62221083671817,
        "m_tpw": 2.133223456966091,
        "tp": 35579.80647619047
    },
    "A_0.55_8_1e-08_512_128_4_32_32_8192": {
        "e": 0.0019264399235465871,
        "a": 4.5292078566131195,
        "l": 2.800000000000001e-07,
        "a_tpm": 31.4225423982167,
        "a_tpw": 1.8521806620438355,
        "u": 43.07,
        "au": 195.07298238432705,
        "m_tpm": 51.04888433468727,
        "m_tpw": 2.123250441636092,
        "tp": 14231.922590476195
    },
    "A_0.75_8_2e-09_512_128_4_32_32_8192": {
        "e": 0.0019914104058863943,
        "a": 4.5292078566131195,
        "l": 5.599999999999998e-08,
        "a_tpm": 157.11271199108342,
        "a_tpw": 1.7994342325784647,
        "u": 43.07,
        "au": 195.07298238432705,
        "m_tpm": 255.24442167343634,
        "m_tpw": 2.07497147495214,
        "tp": 71159.61295238094
    },
    "A_0.75_8_4e-09_512_128_4_32_32_8192": {
        "e": 0.0019914104058863943,
        "a": 4.5292078566131195,
        "l": 1.1199999999999996e-07,
        "a_tpm": 78.55635599554171,
        "a_tpw": 1.7994342325784647,
        "u": 43.07,
        "au": 195.07298238432705,
        "m_tpm": 127.62221083671817,
        "m_tpw": 2.07497147495214,
        "tp": 35579.80647619047
    },
    "A_0.85_8_6e-09_512_128_4_32_32_8192": {
        "e": 0.002031429646163116,
        "a": 4.5292078566131195,
        "l": 1.68e-07,
        "a_tpm": 52.370903997027796,
        "a_tpw": 1.7685682389041317,
        "u": 43.07,
        "au": 195.07298238432705,
        "m_tpm": 85.08147389114544,
        "m_tpw": 2.04648674871998,
        "tp": 23719.870984126985
    },
    "A_0.7_8_8e-09_512_128_4_32_32_8192": {
        "e": 0.0019733251026384318,
        "a": 4.5292078566131195,
        "l": 2.2399999999999991e-07,
        "a_tpm": 39.278177997770854,
        "a_tpw": 1.8137372883035368,
        "u": 43.07,
        "au": 195.07298238432705,
        "m_tpm": 63.811105418359084,
        "m_tpw": 2.088285074902944,
        "tp": 17789.903238095234
    },
    "A_0.55_8_8e-09_512_128_4_32_32_8192": {
        "e": 0.0019264399235465871,
        "a": 4.5292078566131195,
        "l": 2.2399999999999991e-07,
        "a_tpm": 39.278177997770854,
        "a_tpw": 1.8521806620438355,
        "u": 43.07,
        "au": 195.07298238432705,
        "m_tpm": 63.811105418359084,
        "m_tpw": 2.123250441636092,
        "tp": 17789.903238095234
    },
    "A_0.6_8_4e-09_512_128_4_32_32_8192": {
        "e": 0.001940827198369825,
        "a": 4.5292078566131195,
        "l": 1.1199999999999996e-07,
        "a_tpm": 78.55635599554171,
        "a_tpw": 1.8401845533715946,
        "u": 43.07,
        "au": 195.07298238432705,
        "m_tpm": 127.62221083671817,
        "m_tpw": 2.112341699423172,
        "tp": 35579.80647619047
    },
    "A_0.5_8_2e-09_512_128_4_32_32_8192": {
        "e": 0.0019133889390040841,
        "a": 4.5292078566131195,
        "l": 5.599999999999998e-08,
        "a_tpm": 157.11271199108342,
        "a_tpw": 1.8632432362786806,
        "u": 43.07,
        "au": 195.07298238432705,
        "m_tpm": 255.24442167343634,
        "m_tpw": 2.133223456966091,
        "tp": 71159.61295238094
    },
    "A_0.5_8_1e-09_512_128_4_32_32_8192": {
        "e": 0.0019133889390040841,
        "a": 4.5292078566131195,
        "l": 2.799999999999999e-08,
        "a_tpm": 314.22542398216683,
        "a_tpw": 1.8632432362786806,
        "u": 43.07,
        "au": 195.07298238432705,
        "m_tpm": 510.48884334687267,
        "m_tpw": 2.133223456966091,
        "tp": 142319.22590476187
    },
    "A_0.55_8_2e-09_512_128_4_32_32_8192": {
        "e": 0.0019264399235465871,
        "a": 4.5292078566131195,
        "l": 5.599999999999998e-08,
        "a_tpm": 157.11271199108342,
        "a_tpw": 1.8521806620438355,
        "u": 43.07,
        "au": 195.07298238432705,
        "m_tpm": 255.24442167343634,
        "m_tpw": 2.123250441636092,
        "tp": 71159.61295238094
    },
    "A_0.75_8_1e-08_512_128_4_32_32_8192": {
        "e": 0.0019914104058863947,
        "a": 4.5292078566131195,
        "l": 2.800000000000001e-07,
        "a_tpm": 31.4225423982167,
        "a_tpw": 1.7994342325784647,