{
    "A_0.75_1_8e-09_256_32_4_16_32_8192": {
        "e": 0.0023947681114305334,
        "a": 0.7483811721152,
        "l": 1.2888e-05,
        "a_tpm": 3.4599735323384886,
        "a_tpw": 1.5535953462081467,
        "u": 65.62,
        "au": 49.10877251419943,
        "m_tpm": 4.5974432925343205,
        "m_tpw": 2.4048969088032313,
        "tp": 258.93790476190475
    },
    "A_0.65_1_2e-09_256_32_4_16_32_8192": {
        "e": 0.002650206303808389,
        "a": 0.7877076873152,
        "l": 3.222e-06,
        "a_tpm": 13.148933744417864,
        "a_tpw": 1.3743993329313415,
        "u": 65.62,
        "au": 51.68937844162343,
        "m_tpm": 17.471658867400304,
        "m_tpw": 2.0310988862428636,
        "tp": 1035.751619047619
    },
    "A_0.7_1_4e-09_256_32_4_16_32_8192": {
        "e": 0.002460461814094233,
        "a": 0.7631288201152001,
        "l": 6.444e-06,
        "a_tpm": 6.786217423234417,
        "a_tpw": 1.5021269533754993,
        "u": 65.62,
        "au": 50.076513175959434,
        "m_tpm": 9.017193190215535,
        "m_tpw": 2.2850916961595833,
        "tp": 517.8758095238095
    },
    "A_0.5_1_8e-09_256_32_4_16_32_8192": {
        "e": 0.009874950542118092,
        "a": 1.5250773897152,
        "l": 1.2888e-05,
        "a_tpm": 1.6978673115746603,
        "a_tpw": 0.3400242666346115,
        "u": 65.62,
        "au": 100.07557831311142,
        "m_tpm": 2.2560428888415434,
        "m_tpw": 0.4157579860124379,
        "tp": 258.93790476190475
    },
    "A_0.85_1_1e-08_256_32_4_16_32_8192": {
        "e": 0.0024331771662303233,
        "a": 0.7336339337151999,
        "l": 1.6110000000000003e-05,
        "a_tpm": 2.823619713996771,
        "a_tpw": 1.5294519787433989,
        "u": 65.62,
        "au": 48.14105873039142,
        "m_tpm": 3.7518875197893147,
        "m_tpw": 2.411622709537216,
        "tp": 207.15032380952374
    },
    "A_0.55_1_4e-09_256_32_4_16_32_8192": {
        "e": 0.0043748799382605,
        "a": 0.9646770057152,
        "l": 6.444e-06,
        "a_tpm": 5.3683855472419255,
        "a_tpw": 0.7881667693665586,
        "u": 65.62,
        "au": 63.30210511503143,
        "m_tpm": 7.133247666557887,
        "m_tpw": 1.0460573179157318,
        "tp": 517.8758095238095
    },
    "A_0.65_1_8e-09_256_32_4_16_32_8192": {
        "e": 0.002650206303808389,
        "a": 0.7877076873152,
        "l": 1.2888e-05,
        "a_tpm": 3.287233436104466,
        "a_tpw": 1.3743993329313415,
        "u": 65.62,
        "au": 51.68937844162343,
        "m_tpm": 4.367914716850076,
        "m_tpw": 2.0310988862428636,
        "tp": 258.93790476190475
    },
    "A_0.75_1_6e-09_256_32_4_16_32_8192": {
        "e": 0.0023947681114305334,
        "a": 0.7483811721152,
        "l": 9.666e-06,
        "a_tpm": 4.613298043117986,
        "a_tpw": 1.5535953462081467,
        "u": 65.62,
        "au": 49.10877251419943,
        "m_tpm": 6.129924390045762,
        "m_tpw": 2.4048969088032313,
        "tp": 345.25053968253985
    },
    "A_0.85_1_8e-09_256_32_4_16_32_8192": {
        "e": 0.0024331771662303233,
        "a": 0.7336339337151999,
        "l": 1.2888e-05,
        "a_tpm": 3.529524642495962,
        "a_tpw": 1.5294519787433989,
        "u": 65.62,
        "au": 48.14105873039142,
        "m_tpm": 4.689859399736643,
        "m_tpw": 2.411622709537216,
        "tp": 258.93790476190475
    },
    "A_0.5_1_4e-09_256_32_4_16_32_8192": {
        "e": 0.009874950542118092,
        "a": 1.5250773897152,
        "l": 6.444e-06,
        "a_tpm": 3.3957346231493206,
        "a_tpw": 0.3400242666346115,
        "u": 65.62,
        "au": 100.07557831311142,
        "m_tpm": 4.512085777683087,
        "m_tpw": 0.4157579860124379,
        "tp": 517.8758095238095
    },
    "A_0.55_1_1e-08_256_32_4_16_32_8192": {
        "e": 0.0043748799382605,
        "a": 0.9646770057152,
        "l": 1.6110000000000003e-05,
        "a_tpm": 2.1473542188967696,
        "a_tpw": 0.7881667693665586,
        "u": 65.62,
        "au": 63.30210511503143,
        "m_tpm": 2.8532990666231552,
        "m_tpw": 1.0460573179157318,
        "tp": 207.15032380952374
    },
    "A_0.75_1_2e-09_256_32_4_16_32_8192": {
        "e": 0.0023947681114305334,
        "a": 0.7483811721152,
        "l": 3.222e-06,
        "a_tpm": 13.839894129353954,
        "a_tpw": 1.5535953462081467,
        "u": 65.62,
        "au": 49.10877251419943,
        "m_tpm": 18.389773170137282,
        "m_tpw": 2.4048969088032313,
        "tp": 1035.751619047619
    },
    "A_0.85_1_4e-09_256_32_4_16_32_8192": {
        "e": 0.0024331771662303233,
        "a": 0.7336339337151999,
        "l": 6.444e-06,
        "a_tpm": 7.059049284991924,
        "a_tpw": 1.5294519787433989,
        "u": 65.62,
        "au": 48.14105873039142,
        "m_tpm": 9.379718799473286,
        "m_tpw": 2.411622709537216,
        "tp": 517.8758095238095
    },
    "A_0.85_1_2e-09_256_32_4_16_32_8192": {
        "e": 0.0024331771662303233,
        "a": 0.7336339337151999,
        "l": 3.222e-06,
        "a_tpm": 14.118098569983848,
        "a_tpw": 1.5294519787433989,
        "u": 65.62,
        "au": 48.14105873039142,
        "m_tpm": 18.759437598946572,
        "m_tpw": 2.411622709537216,
        "tp": 1035.751619047619
    },
    "A_0.6_1_4e-09_256_32_4_16_32_8192": {
        "e": 0.003108422185983672,
        "a": 0.8368658313152001,
        "l": 6.444e-06,
        "a_tpm": 6.188277620439194,
        "a_tpw": 1.1443306263414919,
        "u": 65.62,
        "au": 54.91513585090343,
        "m_tpm": 8.222680079058229,
        "m_tpw": 1.6174345469527018,
        "tp": 517.8758095238095
    },
    "A_0.6_1_8e-09_256_32_4_16_32_8192": {
        "e": 0.003108422185983672,
        "a": 0.8368658313152001,
        "l": 1.2888e-05,
        "a_tpm": 3.094138810219597,
        "a_tpw": 1.1443306263414919,
        "u": 65.62,
        "au": 54.91513585090343,
        "m_tpm": 4.111340039529114,
        "m_tpw": 1.6174345469527018,
        "tp": 258.93790476190475
    },
    "A_0.75_1_1e-08_256_32_4_16_32_8192": {
        "e": 0.0023947681114305334,
        "a": 0.7483811721152,
        "l": 1.6110000000000003e-05,
        "a_tpm": 2.7679788258707907,
        "a_tpw": 1.5535953462081467,
        "u": 65.62,
        "au": 49.10877251419943,
        "m_tpm": 3.677954634027457,
        "m_tpw": 2.4048969088032313,
        "tp": 207.15032380952374
    },
    "A_0.6_1_2e-09_256_32_4_16_32_8192": {
        "e": 0.003108422185983672,
        "a": 0.8368658313152001,
        "l": 3.222e-06,
        "a_tpm": 12.376555240878387,
        "a_tpw": 1.1443306263414919,
        "u": 65.62,
        "au": 54.91513585090343,
        "m_tpm": 16.445360158116458,
        "m_tpw": 1.6174345469527018,
        "tp": 1035.751619047619
    },
    "A_0.55_1_6e-09_256_32_4_16_32_8192": {
        "e": 0.0043748799382605,
        "a": 0.9646770057152,
        "l": 9.666e-06,
        "a_tpm": 3.578923698161284,
        "a_tpw": 0.7881667693665586,
        "u": 65.62,
        "au": 63.30210511503143,
        "m_tpm": 4.755498444371925,
        "m_tpw": 1.0460573179157318,
        "tp": 345.25053968253985
    },
    "A_0.55_1_2e-09_256_32_4_16_32_8192": {
        "e": 0.0043748799382605,
        "a": 0.9646770057152,
        "l": 3.222e-06,
        "a_tpm": 10.736771094483851,
        "a_tpw": 0.7881667693665586,
        "u": 65.62,
        "au": 63.30210511503143,
        "m_tpm": 14.266495333115774,
        "m_tpw": 1.0460573179157318,
        "tp": 1035.751619047619
    },
    "A_0.8_1_1e-08_256_32_4_16_32_8192": {
        "e": 0.0023918376523713743,
        "a": 0.7385495433152,
        "l": 1.6110000000000003e-05,
        "a_tpm": 2.8048263746757978,
        "a_tpw": 1.5588828384700129,
        "u": 65.62,
        "au": 48.463621032343426,
        "m_tpm": 3.7269158513652703,
        "m_tpw": 2.449182404133123,
        "tp": 207.15032380952374
    },
    "A_0.7_1_2e-09_256_32_4_16_32_8192": {
        "e": 0.002460461814094233,