{
    "A_0.7_8_4e-09_512_128_8_16_32_8192": {
        "e": 0.016152697755655403,
        "a": 4.52995785661312,
        "l": 5.480000000000001e-07,
        "a_tpm": 120.6830264879688,
        "a_tpw": 1.9033053553020773,
        "u": 68.91,
        "au": 312.15939589921004,
        "m_tpm": 204.16172981433846,
        "m_tpw": 2.0705522285370197,
        "tp": 54668.902399902334
    },
    "A_0.7_8_4e-09_512_128_32_8_16_16384": {
        "e": 0.016433533610948035,
        "a": 4.59414614541312,
        "l": 5.840000000000001e-07,
        "a_tpm": 110.30942071922898,
        "a_tpw": 1.870457994332572,
        "u": 57.42,
        "au": 263.79587166962136,
        "m_tpm": 167.7576932918175,
        "m_tpw": 2.047797762245241,
        "tp": 50677.759999999995
    },
    "A_0.7_8_4e-09_512_128_16_4_64_65536": {
        "e": 0.017203515981405956,
        "a": 4.87172302541312,
        "l": 5.320000000000002e-07,
        "a_tpm": 117.58424791595584,
        "a_tpw": 1.7941922062092455,
        "u": 68.91,
        "au": 335.7104336812181,
        "m_tpm": 189.83920620441287,
        "m_tpw": 2.013177065268424,
        "tp": 57283.78879980468
    },
    "A_0.7_8_4e-09_512_128_4_8_128_16384": {
        "e": 0.01634648980980993,
        "a": 4.60852977741312,
        "l": 4.84e-07,
        "a_tpm": 141.3961882573225,
        "a_tpw": 1.878400443188739,
        "u": 68.91,
        "au": 317.57378696153813,
        "m_tpm": 200.68092790133278,
        "m_tpw": 2.066426110421347,
        "tp": 65162.85439965821
    },
    "A_0.7_8_4e-09_512_128_8_8_64_8192": {
        "e": 0.016153545896496115,
        "a": 4.53597252541312,
        "l": 5.320000000000002e-07,
        "a_tpm": 126.28777727128646,
        "a_tpw": 1.9035833587878754,
        "u": 68.91,
        "au": 312.5738667262181,
        "m_tpm": 203.89101274548747,
        "m_tpw": 2.0730058943683756,
        "tp": 57283.78879980468
    },
    "A_0.7_8_4e-09_512_128_8_32_16_131072": {
        "e": 0.017715082955228972,
        "a": 5.184571145413119,
        "l": 5.840000000000001e-07,
        "a_tpm": 97.74725542118462,
        "a_tpw": 1.750627684142793,
        "u": 57.42,
        "au": 297.6980751696213,
        "m_tpm": 148.65325180885105,
        "m_tpw": 1.9931504507772837,
        "tp": 50677.759999999995
    },
    "A_0.7_8_4e-09_512_128_1_64_64_32768": {
        "e": 0.016456294707757946,
        "a": 4.66263752541312,
        "l": 5.16e-07,
        "a_tpm": 123.42027865278793,
        "a_tpw": 1.8652221933412951,
        "u": 68.91,
        "au": 321.3023518762181,
        "m_tpm": 198.35211872066859,
        "m_tpw": 2.0599965932600335,
        "tp": 57546.402264343255
    },
    "A_0.7_8_4e-09_512_128_32_8_16_32768": {
        "e": 0.016593991285279292,
        "a": 4.66192714541312,
        "l": 5.840000000000001e-07,
        "a_tpm": 108.7056026816334,
        "a_tpw": 1.852779433002954,
        "u": 57.42,
        "au": 267.68785668962136,
        "m_tpm": 165.31861952375135,
        "m_tpw": 2.0374372078152048,
        "tp": 50677.759999999995
    },
    "A_0.7_8_4e-09_512_128_32_8_16_4096": {
        "e": 0.016105278928553245,
        "a": 4.515636845413121,
        "l": 5.840000000000001e-07,
        "a_tpm": 112.22727100270983,
        "a_tpw": 1.914364091222068,
        "u": 57.42,
        "au": 259.2878676636214,
        "m_tpm": 170.67434481204185,
        "m_tpw": 2.0671959746766175,
        "tp": 50677.759999999995
    },
    "A_0.7_8_4e-09_512_128_32_32_4_4096": {
        "e": 0.016138662526409147,
        "a": 4.51695048893312,
        "l": 5.680000000000001e-07,
        "a_tpm": 117.37431111952172,
        "a_tpw": 1.9118749460142204,
        "u": 68.91,
        "au": 311.2630581923813,
        "m_tpm": 204.74965006991494,
        "m_tpw": 2.064955777567853,
        "tp": 53017.39519995116
    },
    "A_0.7_8_4e-09_512_128_4_16_64_65536": {
        "e": 0.01711206536475472,
        "a": 4.86947302541312,
        "l": 5.320000000000002e-07,
        "a_tpm": 117.63857916626372,
        "a_tpw": 1.8006450586195981,
        "u": 68.91,
        "au": 335.55538618121807,
        "m_tpm": 189.92692374833004,
        "m_tpw": 2.029609831702804,
        "tp": 57283.78879980468
    },
    "A_0.7_8_4e-09_512_128_8_8_64_4096": {
        "e": 0.01605889345688767,
        "a": 4.51765972541312,
        "l": 5.320000000000002e-07,
        "a_tpm": 126.79969781160604,
        "a_tpw": 1.9183864769199983,
        "u": 68.91,
        "au": 311.31193167821806,
        "m_tpm": 204.7175060108394,
        "m_tpw": 2.0775262320096197,
        "tp": 57283.78879980468
    },
    "A_0.7_8_4e-09_512_128_16_4_64_4096": {
        "e": 0.016069143050326244,
        "a": 4.51915972541312,
        "l": 5.320000000000002e-07,
        "a_tpm": 126.75761044176873,
        "a_tpw": 1.9177603702324935,
        "u": 68.91,
        "au": 311.41529667821806,
        "m_tpm": 204.64955615341583,
        "m_tpw": 2.0754289928331615,
        "tp": 57283.78879980468
    },
    "A_0.7_8_4e-09_512_128_1_64_64_4096": {
        "e": 0.01604929167182642,
        "a": 4.51634722541312,
        "l": 5.16e-07,
        "a_tpm": 127.4180203429318,
        "a_tpw": 1.9194444394695875,
        "u": 68.91,
        "au": 311.22148730321805,
        "m_tpm": 204.7769991616599,
        "m_tpw": 2.0787312994006335,
        "tp": 57546.402264343255
    },
    "A_0.7_8_4e-09_512_128_4_8_128_2048": {
        "e": 0.015997392182966707,
        "a": 4.50979777741312,
        "l": 4.84e-07,
        "a_tpm": 144.49174356779358,
        "a_tpw": 1.9285328660605607,
        "u": 68.91,
        "au": 310.77016484153813,
        "m_tpm": 205.07439083503436,
        "m_tpw": 2.0820552290300727,
        "tp": 65162.85439965821
    },
    "A_0.7_8_4e-09_512_128_16_8_32_2048": {
        "e": 0.015993124446430414,
        "a": 4.49292235661312,
        "l": 5.480000000000001e-07,
        "a_tpm": 121.67782583519461,
        "a_tpw": 1.9292703372216458,
        "u": 68.91,
        "au": 309.60727959421007,
        "m_tpm": 205.84465044914745,
        "m_tpw": 2.078241364890503,
        "tp": 54668.902399902334
    },
    "A_0.7_8_4e-09_512_128_4_32_32_8192": {
        "e": 0.0161459603071644,
        "a": 4.5292078566131195,
        "l": 5.480000000000001e-07,
        "a_tpm": 120.70301061603959,
        "a_tpw": 1.9041924852043308,
        "u": 68.91,
        "au": 312.10771339921007,
        "m_tpm": 204.19553733702415,
        "m_tpw": 2.0695758965469007,
        "tp": 54668.902399902334
    }
}