{
    "A_0.75_1_8e-09_256_32_4_16_32_8192": {
        "e": 0.005273133379471593,
        "a": 0.7483811721152,
        "l": 4.360000000000001e-06,
        "a_tpm": 5.292990299945995,
        "a_tpw": 1.1165564408430044,
        "u": 100.0,
        "au": 74.83811721152,
        "m_tpm": 7.005627874338012,
        "m_tpw": 2.148427832074756,
        "tp": 396.11742846679687
    },
    "A_0.65_1_2e-09_256_32_4_16_32_8192": {
        "e": 0.005179548963022451,
        "a": 0.7877076873152,
        "l": 1.0900000000000002e-06,
        "a_tpm": 20.114945421792797,
        "a_tpw": 0.9818671751519373,
        "u": 100.0,
        "au": 78.77076873152001,
        "m_tpm": 26.623480178895697,
        "m_tpw": 1.7896904665909175,
        "tp": 1584.4697138671875
    },
    "A_0.7_1_4e-09_256_32_4_16_32_8192": {
        "e": 0.005188623368807486,
        "a": 0.7631288201152001,
        "l": 2.1800000000000003e-06,
        "a_tpm": 10.381403978610056,
        "a_tpw": 1.0732380828910644,
        "u": 100.0,
        "au": 76.31288201152002,
        "m_tpm": 13.740484861280816,
        "m_tpw": 2.0162747243671797,
        "tp": 792.2348569335937
    },
    "A_0.5_1_8e-09_256_32_4_16_32_8192": {
        "e": 0.00904203382879307,
        "a": 1.5250773897152,
        "l": 4.360000000000001e-06,
        "a_tpm": 2.597359525084623,
        "a_tpw": 0.2431609758586559,
        "u": 100.0,
        "au": 152.50773897151998,
        "m_tpm": 3.437779640139494,
        "m_tpw": 0.3935502590757098,
        "tp": 396.11742846679687
    },
    "A_0.85_1_1e-08_256_32_4_16_32_8192": {
        "e": 0.005556087870341923,
        "a": 0.7336339337151999,
        "l": 5.4499999999999995e-06,
        "a_tpm": 4.3195104289772015,
        "a_tpw": 1.1120632808165882,
        "u": 100.0,
        "au": 73.36339337151999,
        "m_tpm": 5.717161934917051,
        "m_tpw": 2.2222885945749136,
        "tp": 316.8939427734375
    },
    "A_0.55_1_4e-09_256_32_4_16_32_8192": {
        "e": 0.005974910897148006,
        "a": 0.9646770057152,
        "l": 2.1800000000000003e-06,
        "a_tpm": 8.21243641384652,
        "a_tpw": 0.561059074178463,
        "u": 100.0,
        "au": 96.46770057152,
        "m_tpm": 10.869710729992969,
        "m_tpw": 0.9286466542569757,
        "tp": 792.2348569335937
    },
    "A_0.65_1_8e-09_256_32_4_16_32_8192": {
        "e": 0.005179560429201005,
        "a": 0.7877076873152,
        "l": 4.360000000000001e-06,
        "a_tpm": 5.028736355448199,
        "a_tpw": 0.9818569260472192,
        "u": 100.0,
        "au": 78.77076873152001,
        "m_tpm": 6.655870044723924,
        "m_tpw": 1.7896084737531723,
        "tp": 396.11742846679687
    },
    "A_0.75_1_6e-09_256_32_4_16_32_8192": {
        "e": 0.005273133379471593,
        "a": 0.7483811721152,
        "l": 3.27e-06,
        "a_tpm": 7.0573203999279945,
        "a_tpw": 1.1165564408430044,
        "u": 100.0,
        "au": 74.83811721152,
        "m_tpm": 9.340837165784018,
        "m_tpw": 2.148427832074756,
        "tp": 528.1565712890624
    },
    "A_0.85_1_8e-09_256_32_4_16_32_8192": {
        "e": 0.005556087870341923,
        "a": 0.7336339337151999,
        "l": 4.360000000000001e-06,
        "a_tpm": 5.3993880362215005,
        "a_tpw": 1.1120632808165882,
        "u": 100.0,
        "au": 73.36339337151999,
        "m_tpm": 7.146452418646312,
        "m_tpw": 2.2222885945749136,
        "tp": 396.11742846679687
    },
    "A_0.5_1_4e-09_256_32_4_16_32_8192": {
        "e": 0.00904203382879307,
        "a": 1.5250773897152,
        "l": 2.1800000000000003e-06,
        "a_tpm": 5.194719050169246,
        "a_tpw": 0.2431609758586559,
        "u": 100.0,
        "au": 152.50773897151998,
        "m_tpm": 6.875559280278988,
        "m_tpw": 0.3935502590757098,
        "tp": 792.2348569335937
    },
    "A_0.55_1_1e-08_256_32_4_16_32_8192": {
        "e": 0.005974910897148006,
        "a": 0.9646770057152,
        "l": 5.4499999999999995e-06,
        "a_tpm": 3.284974565538609,
        "a_tpw": 0.561059074178463,
        "u": 100.0,
        "au": 96.46770057152,
        "m_tpm": 4.347884291997189,
        "m_tpw": 0.9286466542569757,
        "tp": 316.8939427734375
    },
    "A_0.75_1_2e-09_256_32_4_16_32_8192": {
        "e": 0.005273133379471593,
        "a": 0.7483811721152,
        "l": 1.0900000000000002e-06,
        "a_tpm": 21.17196119978398,
        "a_tpw": 1.1165564408430044,
        "u": 100.0,
        "au": 74.83811721152,
        "m_tpm": 28.02251149735205,
        "m_tpw": 2.148427832074756,
        "tp": 1584.4697138671875
    },
    "A_0.85_1_4e-09_256_32_4_16_32_8192": {
        "e": 0.005556087870341923,
        "a": 0.7336339337151999,
        "l": 2.1800000000000003e-06,
        "a_tpm": 10.798776072443001,
        "a_tpw": 1.1120632808165882,
        "u": 100.0,
        "au": 73.36339337151999,
        "m_tpm": 14.292904837292625,
        "m_tpw": 2.2222885945749136,
        "tp": 792.2348569335937
    },
    "A_0.85_1_2e-09_256_32_4_16_32_8192": {
        "e": 0.005556087870341923,
        "a": 0.7336339337151999,
        "l": 1.0900000000000002e-06,
        "a_tpm": 21.597552144886002,
        "a_tpw": 1.1120632808165882,
        "u": 100.0,
        "au": 73.36339337151999,
        "m_tpm": 28.58580967458525,
        "m_tpw": 2.2222885945749136,
        "tp": 1584.4697138671875
    },
    "A_0.6_1_4e-09_256_32_4_16_32_8192": {
        "e": 0.005342545473414779,
        "a": 0.8368658313152001,
        "l": 2.1800000000000003e-06,
        "a_tpm": 9.466689011409805,
        "a_tpw": 0.8147599821949665,
        "u": 100.0,
        "au": 83.68658313152001,
        "m_tpm": 12.529798215707775,
        "m_tpw": 1.4259457328402831,
        "tp": 792.2348569335937
    },
    "A_0.6_1_8e-09_256_32_4_16_32_8192": {
        "e": 0.005342545473414779,
        "a": 0.8368658313152001,
        "l": 4.360000000000001e-06,
        "a_tpm": 4.733344505704903,
        "a_tpw": 0.8147599821949665,
        "u": 100.0,
        "au": 83.68658313152001,
        "m_tpm": 6.264899107853887,
        "m_tpw": 1.4259457328402831,
        "tp": 396.11742846679687
    },
    "A_0.75_1_1e-08_256_32_4_16_32_8192": {
        "e": 0.005273133379471593,
        "a": 0.7483811721152,
        "l": 5.4499999999999995e-06,
        "a_tpm": 4.234392239956796,
        "a_tpw": 1.1165564408430044,
        "u": 100.0,
        "au": 74.83811721152,
        "m_tpm": 5.60450229947041,
        "m_tpw": 2.148427832074756,
        "tp": 316.8939427734375
    },
    "A_0.6_1_2e-09_256_32_4_16_32_8192": {
        "e": 0.005342545473414779,
        "a": 0.8368658313152001,
        "l": 1.0900000000000002e-06,
        "a_tpm": 18.93337802281961,
        "a_tpw": 0.8147599821949665,
        "u": 100.0,
        "au": 83.68658313152001,
        "m_tpm": 25.05959643141555,
        "m_tpw": 1.4259457328402831,
        "tp": 1584.4697138671875
    },
    "A_0.55_1_6e-09_256_32_4_16_32_8192": {
        "e": 0.005974910897148006,
        "a": 0.9646770057152,
        "l": 3.27e-06,
        "a_tpm": 5.474957609231015,
        "a_tpw": 0.561059074178463,
        "u": 100.0,
        "au": 96.46770057152,
        "m_tpm": 7.246473819995314,
        "m_tpw": 0.9286466542569757,
        "tp": 528.1565712890624
    },
    "A_0.55_1_2e-09_256_32_4_16_32_8192": {
        "e": 0.005974910897148006,
        "a": 0.9646770057152,
        "l": 1.0900000000000002e-06,
        "a_tpm": 16.42487282769304,
        "a_tpw": 0.561059074178463,
        "u": 100.0,
        "au": 96.46770057152,
        "m_tpm": 21.739421459985937,
        "m_tpw": 0.9286466542569757,
        "tp": 1584.4697138671875
    },
    "A_0.8_1_1e-08_256_32_4_16_32_8192": {
        "e": 0.005397924780343992,
        "a": 0.7385495433152,
        "l": 5.4499999999999995e-06,
        "a_tpm": 4.290760797860148,
        "a_tpw": 1.1269561697303594,
        "u": 100.0,
        "au": 73.85495433151999,
        "m_tpm": 5.679109868747079,
        "m_tpw": 2.2172933269759096,