{
    "A_0.85_6_1e-08_512_512_32_64_128_131072": {
        "e": 0.001699001650703253,
        "a": 1125.3214499940786,
        "l": 6.500000000000004e-07,
        "a_tpm": 0.0059864476945991245,
        "a_tpw": 0.5321477246054492,
        "u": 0.03,
        "au": 33.75964349982236,
        "m_tpm": 0.026217831358457844,
        "m_tpw": 1.4270907770388264,
        "tp": 673.6678
    },
    "A_0.85_4_1e-08_512_512_32_64_128_131072": {
        "e": 0.0018332157018059738,
        "a": 1125.3214499940786,
        "l": 6.500000000000004e-07,
        "a_tpm": 0.0059864476945991245,
        "a_tpw": 0.42422214642632206,
        "u": 0.04,
        "au": 45.01285799976315,
        "m_tpm": 0.026217831358457844,
        "m_tpw": 1.015345658102543,
        "tp": 673.6678
    },
    "A_0.85_5_1e-08_512_512_32_64_128_131072": {
        "e": 0.0017240960027800531,
        "a": 1125.3214499940786,
        "l": 6.500000000000004e-07,
        "a_tpm": 0.0059864476945991245,
        "a_tpw": 0.5074619641395925,
        "u": 0.03,
        "au": 33.75964349982236,
        "m_tpm": 0.026217831358457844,
        "m_tpw": 1.3254051625739849,
        "tp": 673.6678
    },
    "A_0.85_1_1e-08_512_512_32_64_128_131072": {
        "e": 0.0031752901848114967,
        "a": 1125.3214499940786,
        "l": 6.500000000000004e-07,
        "a_tpm": 0.0059864476945991245,
        "a_tpw": 0.153506500333749,
        "u": 0.17,
        "au": 191.30464649899338,
        "m_tpm": 0.026217831358457844,
        "m_tpw": 0.3235185232730426,
        "tp": 673.6678
    },
    "A_0.85_8_1e-08_512_512_32_64_128_131072": {
        "e": 0.00161648001373764,
        "a": 1125.3214499940786,
        "l": 6.500000000000004e-07,
        "a_tpm": 0.0059864476945991245,
        "a_tpw": 0.6331472759033975,
        "u": 0.02,
        "au": 22.506428999881575,
        "m_tpm": 0.026217831358457844,
        "m_tpw": 1.9202776899741472,
        "tp": 673.6678
    },
    "A_0.85_2_1e-08_512_512_32_64_128_131072": {
        "e": 0.0022766411145969836,
        "a": 1125.3214499940786,
        "l": 6.500000000000004e-07,
        "a_tpm": 0.0059864476945991245,
        "a_tpw": 0.2623272556511514,
        "u": 0.09,
        "au": 101.27893049946708,
        "m_tpm": 0.026217831358457844,
        "m_tpw": 0.5449491497049427,
        "tp": 673.6678
    },
    "A_0.85_7_1e-08_512_512_32_64_128_131072": {
        "e": 0.001693583806950294,
        "a": 1125.3214499940786,
        "l": 6.500000000000004e-07,
        "a_tpm": 0.0059864476945991245,
        "a_tpw": 0.5380103691506876,
        "u": 0.02,
        "au": 22.506428999881575,
        "m_tpm": 0.026217831358457844,
        "m_tpw": 1.4536441486566745,
        "tp": 673.6678
    },
    "A_0.85_3_1e-08_512_512_32_64_128_131072": {
        "e": 0.001973012280903615,
        "a": 1125.3214499940786,
        "l": 6.500000000000004e-07,
        "a_tpm": 0.0059864476945991245,
        "a_tpw": 0.35357688050165176,
        "u": 0.06,
        "au": 67.51928699964472,
        "m_tpm": 0.026217831358457844,
        "m_tpw": 0.7812140641530491,
        "tp": 673.6678
    }
}