{
    "A_0.75_8_1e-09_512_128_4_64_128_131072": {
        "e": 0.017747928617649702,
        "a": 36.706365219304956,
        "l": 2.5e-08,
        "a_tpm": 320.63328770592045,
        "a_tpw": 1.749959347406902,
        "u": 43.07,
        "au": 1580.9431499954644,
        "m_tpm": 503.9147986865217,
        "m_tpw": 2.001621281211841,
        "tp": 1176928.256
    },
    "A_0.5_2_4e-09_512_512_8_32_32_16384": {
        "e": 0.06258890660318929,
        "a": 35.21827302506496,
        "l": 2.84e-07,
        "a_tpm": 29.36256094281784,
        "a_tpw": 0.49160802634014894,
        "u": 68.91,
        "au": 2426.8911941572264,
        "m_tpm": 52.52069182034314,
        "m_tpw": 0.5202645108015236,
        "tp": 103409.86879992673
    },
    "A_0.55_4_1e-09_512_512_32_4_64_32768": {
        "e": 0.0321547440396215,
        "a": 35.30081168906496,
        "l": 5.2000000000000016e-08,
        "a_tpm": 199.98300770475925,
        "a_tpw": 0.9600116402956814,
        "u": 57.42,
        "au": 2026.9726071861098,
        "m_tpm": 349.3192697271552,
        "m_tpw": 1.0402951415520445,
        "tp": 705956.2495998534
    }
}