{
    "A_0.75_1_1e-09_512_32_8_8_8_65536": {
        "e": 0.0029419366505460533,
        "a": 0.5912269797376,
        "l": 3.515e-06,
        "a_tpm": 17.15042552728998,
        "a_tpw": 1.299882404853306,
        "u": 56.25,
        "au": 33.256517610239996,
        "m_tpm": 19.95254006377643,
        "m_tpw": 2.01687853034418,
        "tp": 1013.9794285714286
    },
    "A_0.6_1_8e-09_16_64_1_16_128_524288": {
        "e": 0.0027363071296073534,
        "a": 3.5480601482944,
        "l": 8.1384e-05,
        "a_tpm": 0.1360101492423,
        "a_tpw": 1.3347369621371885,
        "u": 97.66,
        "au": 346.5035540824311,
        "m_tpm": 0.18038025660519214,
        "m_tpw": 1.9717859825387465,
        "tp": 48.25721902901786
    }
}