{
    "A_0.75_1_1e-09_512_32_8_8_8_65536": {
        "e": 0.0054151423877211256,
        "a": 0.5912269797376,
        "l": 1.051e-06,
        "a_tpm": 27.44547088099228,
        "a_tpw": 1.1026404645641208,
        "u": 100.0,
        "au": 59.12269797376,
        "m_tpm": 35.471182335602535,
        "m_tpw": 1.9513200289731998,
        "tp": 1622.650285644531
    },
    "A_0.6_1_8e-09_16_64_1_16_128_524288": {
        "e": 0.004867489315509076,
        "a": 3.5480601482944,
        "l": 3.1816e-05,
        "a_tpm": 0.1487629797521133,
        "a_tpw": 1.0906765167476082,
        "u": 100.0,
        "au": 354.80601482943996,
        "m_tpm": 0.18470938276371673,
        "m_tpw": 2.120982756851351,
        "tp": 52.782
    }
}